Record #,Problem code,Problem message,Category,Manufacturer,Product Name,Merchant SKU,Product URL,Price,MPN,UPC
358,222,Used or refurbished products are not listed currently,Computers > Cartridges and Toners,Epson,Epson S020089 Color Inkjet Cartridge,INK-Epson-S020089,http://www.compandsave.com/ProductDetails.asp?ProductCode=INK-Epson-S020089&utm_source=shoppingcom&utm_medium=shoppingengine&utm_campaign=shoppingcomshopping&,3.49,,00010343601871
359,222,Used or refurbished products are not listed currently,Computers > Cartridges and Toners,Epson,Epson S020093 Black Inkjet Cartridge,INK-Epson-S020093,http://www.compandsave.com/ProductDetails.asp?ProductCode=INK-Epson-S020093&utm_source=shoppingcom&utm_medium=shoppingengine&utm_campaign=shoppingcomshopping&,2.99,,00010343812321
360,222,Used or refurbished products are not listed currently,Computers > Cartridges and Toners,Epson,Epson S020108 Black Inkjet Cartridge,INK-Epson-S020108,http://www.compandsave.com/ProductDetails.asp?ProductCode=INK-Epson-S020108&utm_source=shoppingcom&utm_medium=shoppingengine&utm_campaign=shoppingcomshopping&,2.99,,00010343601888
361,222,Used or refurbished products are not listed currently,Computers > Cartridges and Toners,Epson,Epson S020110 Color Inkjet Cartridge,INK-Epson-S020110,http://www.compandsave.com/ProductDetails.asp?ProductCode=INK-Epson-S020110&utm_source=shoppingcom&utm_medium=shoppingengine&utm_campaign=shoppingcomshopping&,3.49,,00010343813793
362,222,Used or refurbished products are not listed currently,Computers > Cartridges and Toners,Epson,Epson S020118 Black Inkjet Cartridge,INK-Epson-S020118,http://www.compandsave.com/ProductDetails.asp?ProductCode=INK-Epson-S020118&utm_source=shoppingcom&utm_medium=shoppingengine&utm_campaign=shoppingcomshopping&,7.99,,00010343813489
363,222,Used or refurbished products are not listed currently,Computers > Cartridges and Toners,Epson,Epson S020122 Yellow Inkjet Cartridge,INK-Epson-S020122,http://www.compandsave.com/ProductDetails.asp?ProductCode=INK-Epson-S020122&utm_source=shoppingcom&utm_medium=shoppingengine&utm_campaign=shoppingcomshopping&,7.99,,00010343813496
364,222,Used or refurbished products are not listed currently,Computers > Cartridges and Toners,Epson,Epson S020126 Magenta Inkjet Cartridge,INK-Epson-S020126,http://www.compandsave.com/ProductDetails.asp?ProductCode=INK-Epson-S020126&utm_source=shoppingcom&utm_medium=shoppingengine&utm_campaign=shoppingcomshopping&,7.99,,00010343813502
365,222,Used or refurbished products are not listed currently,Computers > Cartridges and Toners,Epson,Epson S020130 Cyan Inkjet Cartridge,INK-Epson-S020130,http://www.compandsave.com/ProductDetails.asp?ProductCode=INK-Epson-S020130&utm_source=shoppingcom&utm_medium=shoppingengine&utm_campaign=shoppingcomshopping&,7.99,,00010343813519
366,222,Used or refurbished products are not listed currently,Computers > Cartridges and Toners,Epson,Epson S020187 Black Inkjet Cartridge,INK-Epson-S020187,http://www.compandsave.com/ProductDetails.asp?ProductCode=INK-Epson-S020187&utm_source=shoppingcom&utm_medium=shoppingengine&utm_campaign=shoppingcomshopping&,2.99,,00010343814820
367,222,Used or refurbished products are not listed currently,Computers > Cartridges and Toners,Epson,Epson S020189 Black Inkjet Cartridge,INK-Epson-S020189,http://www.compandsave.com/ProductDetails.asp?ProductCode=INK-Epson-S020189&utm_source=shoppingcom&utm_medium=shoppingengine&utm_campaign=shoppingcomshopping&,2.99,,
368,222,Used or refurbished products are not listed currently,Computers > Cartridges and Toners,Epson,Epson S020191 Color Inkjet Cartridge,INK-Epson-S020191,http://www.compandsave.com/ProductDetails.asp?ProductCode=INK-Epson-S020191&utm_source=shoppingcom&utm_medium=shoppingengine&utm_campaign=shoppingcomshopping&,3.49,,00010343814813
369,222,Used or refurbished products are not listed currently,Computers > Cartridges and Toners,Epson,Epson S020193 Color Inkjet Cartridge,INK-Epson-S020193,http://www.compandsave.com/ProductDetails.asp?ProductCode=INK-Epson-S020193&utm_source=shoppingcom&utm_medium=shoppingengine&utm_campaign=shoppingcomshopping&,3.49,,00010343814844
370,222,Used or refurbished products are not listed currently,Computers > Cartridges and Toners,Epson,Epson S187093 Black Inkjet Cartridge,INK-Epson-S187093,http://www.compandsave.com/ProductDetails.asp?ProductCode=INK-Epson-S187093&utm_source=shoppingcom&utm_medium=shoppingengine&utm_campaign=shoppingcomshopping&,2.99,,00010343847248
371,222,Used or refurbished products are not listed currently,Computers > Cartridges and Toners,Epson,Epson S189108 Black Inkjet Cartridge,INK-Epson-S189108,http://www.compandsave.com/ProductDetails.asp?ProductCode=INK-Epson-S189108&utm_source=shoppingcom&utm_medium=shoppingengine&utm_campaign=shoppingcomshopping&,2.99,,00010343847255
372,222,Used or refurbished products are not listed currently,Computers > Cartridges and Toners,Epson,Epson S191089 Color Inkjet Cartridge,INK-Epson-S191089,http://www.compandsave.com/ProductDetails.asp?ProductCode=INK-Epson-S191089&utm_source=shoppingcom&utm_medium=shoppingengine&utm_campaign=shoppingcomshopping&,3.49,,00010343847262
373,222,Used or refurbished products are not listed currently,Computers > Cartridges and Toners,Epson,Epson S193110 Color Inkjet Cartridge,INK-Epson-S193110,http://www.compandsave.com/ProductDetails.asp?ProductCode=INK-Epson-S193110&utm_source=shoppingcom&utm_medium=shoppingengine&utm_campaign=shoppingcomshopping&,3.49,,00010343847279
374,222,Used or refurbished products are not listed currently,Computers > Cartridges and Toners,Epson,Epson T001011 Color Inkjet Cartridge,INK-Epson-T001011,http://www.compandsave.com/ProductDetails.asp?ProductCode=INK-Epson-T001011&utm_source=shoppingcom&utm_medium=shoppingengine&utm_campaign=shoppingcomshopping&,4.49,,00010343815957
375,222,Used or refurbished products are not listed currently,Computers > Cartridges and Toners,Epson,Epson T003011 Black Inkjet Cartridge,INK-Epson-T003011,http://www.compandsave.com/ProductDetails.asp?ProductCode=INK-Epson-T003011&utm_source=shoppingcom&utm_medium=shoppingengine&utm_campaign=shoppingcomshopping&,3.49,,00010343815964
376,222,Used or refurbished products are not listed currently,Computers > Cartridges and Toners,Epson,Epson T005011 Color Inkjet Cartridge,INK-Epson-T005011,http://www.compandsave.com/ProductDetails.asp?ProductCode=INK-Epson-T005011&utm_source=shoppingcom&utm_medium=shoppingengine&utm_campaign=shoppingcomshopping&,4.49,,00010343815971
377,222,Used or refurbished products are not listed currently,Computers > Cartridges and Toners,Epson,Epson T007201 Black Inkjet Cartridge,INK-Epson-T007201,http://www.compandsave.com/ProductDetails.asp?ProductCode=INK-Epson-T007201&utm_source=shoppingcom&utm_medium=shoppingengine&utm_campaign=shoppingcomshopping&,3.49,,00010343818798
378,222,Used or refurbished products are not listed currently,Computers > Cartridges and Toners,Epson,Epson T008201 Color Inkjet Cartridge,INK-Epson-T008201,http://www.compandsave.com/ProductDetails.asp?ProductCode=INK-Epson-T008201&utm_source=shoppingcom&utm_medium=shoppingengine&utm_campaign=shoppingcomshopping&,3.99,,00010343818811
379,222,Used or refurbished products are not listed currently,Computers > Cartridges and Toners,Epson,Epson T009201 Color Inkjet Cartridge,INK-Epson-T009201,http://www.compandsave.com/ProductDetails.asp?ProductCode=INK-Epson-T009201&utm_source=shoppingcom&utm_medium=shoppingengine&utm_campaign=shoppingcomshopping&,4.49,,00010343818835
380,222,Used or refurbished products are not listed currently,Computers > Cartridges and Toners,Epson,Remanufactured Epson T013201 Inkjet Cartridge,INK-Epson-T013201,http://www.compandsave.com/ProductDetails.asp?ProductCode=INK-Epson-T013201&utm_source=shoppingcom&utm_medium=shoppingengine&utm_campaign=shoppingcomshopping&,2.99,,00010343819733
381,222,Used or refurbished products are not listed currently,Computers > Cartridges and Toners,Epson,Remanufactured Epson T014201 Inkjet Cartridge,INK-Epson-T014201,http://www.compandsave.com/ProductDetails.asp?ProductCode=INK-Epson-T014201&utm_source=shoppingcom&utm_medium=shoppingengine&utm_campaign=shoppingcomshopping&,3.49,,00010343819740
382,222,Used or refurbished products are not listed currently,Computers > Cartridges and Toners,Epson,Remanufactured Epson T015201 Inkjet Cartridge,INK-Epson-T015201,http://www.compandsave.com/ProductDetails.asp?ProductCode=INK-Epson-T015201&utm_source=shoppingcom&utm_medium=shoppingengine&utm_campaign=shoppingcomshopping&,3.49,,00010343819849
383,222,Used or refurbished products are not listed currently,Computers > Cartridges and Toners,Epson,Remanufactured Epson T016201 Inkjet Cartridge,INK-Epson-T016201,http://www.compandsave.com/ProductDetails.asp?ProductCode=INK-Epson-T016201&utm_source=shoppingcom&utm_medium=shoppingengine&utm_campaign=shoppingcomshopping&,4.49,,00010343819870
384,222,Used or refurbished products are not listed currently,Computers > Cartridges and Toners,Epson,Remanufactured Epson T017201 Inkjet Cartridge,INK-Epson-T017201,http://www.compandsave.com/ProductDetails.asp?ProductCode=INK-Epson-T017201&utm_source=shoppingcom&utm_medium=shoppingengine&utm_campaign=shoppingcomshopping&,2.99,,00010343832299
385,222,Used or refurbished products are not listed currently,Computers > Cartridges and Toners,Epson,Remanufactured Epson T018201 Inkjet Cartridge,INK-Epson-T018201,http://www.compandsave.com/ProductDetails.asp?ProductCode=INK-Epson-T018201&utm_source=shoppingcom&utm_medium=shoppingengine&utm_campaign=shoppingcomshopping&,2.99,,00010343832305
386,222,Used or refurbished products are not listed currently,Computers > Cartridges and Toners,Epson,Remanufactured Epson T019201 Inkjet Cartridge,INK-Epson-T019201,http://www.compandsave.com/ProductDetails.asp?ProductCode=INK-Epson-T019201&utm_source=shoppingcom&utm_medium=shoppingengine&utm_campaign=shoppingcomshopping&,2.99,,00010343832312
387,222,Used or refurbished products are not listed currently,Computers > Cartridges and Toners,Epson,Remanufactured Epson T020201 Inkjet Cartridge,INK-Epson-T020201,http://www.compandsave.com/ProductDetails.asp?ProductCode=INK-Epson-T020201&utm_source=shoppingcom&utm_medium=shoppingengine&utm_campaign=shoppingcomshopping&,2.99,,00010343832329
388,222,Used or refurbished products are not listed currently,Computers > Cartridges and Toners,Epson,Remanufactured Epson T026201 Inkjet Cartridge,INK-Epson-T026201,http://www.compandsave.com/ProductDetails.asp?ProductCode=INK-Epson-T026201&utm_source=shoppingcom&utm_medium=shoppingengine&utm_campaign=shoppingcomshopping&,2.99,,00010343837393
389,222,Used or refurbished products are not listed currently,Computers > Cartridges and Toners,Epson,Remanufactured Epson T027201 Inkjet Cartridge,INK-Epson-T027201,http://www.compandsave.com/ProductDetails.asp?ProductCode=INK-Epson-T027201&utm_source=shoppingcom&utm_medium=shoppingengine&utm_campaign=shoppingcomshopping&,2.99,,00010343837461
390,222,Used or refurbished products are not listed currently,Computers > Cartridges and Toners,Epson,Remanufactured Epson T028201 Inkjet Cartridge,INK-Epson-T028201,http://www.compandsave.com/ProductDetails.asp?ProductCode=INK-Epson-T028201&utm_source=shoppingcom&utm_medium=shoppingengine&utm_campaign=shoppingcomshopping&,2.99,,00010343836761
391,222,Used or refurbished products are not listed currently,Computers > Cartridges and Toners,Epson,Remanufactured Epson T029201 Inkjet Cartridge,INK-Epson-T029201,http://www.compandsave.com/ProductDetails.asp?ProductCode=INK-Epson-T029201&utm_source=shoppingcom&utm_medium=shoppingengine&utm_campaign=shoppingcomshopping&,2.99,,00010343836839
392,222,Used or refurbished products are not listed currently,Computers > Cartridges and Toners,Epson,Remanufactured Epson T032120 Inkjet Cartridge,INK-Epson-T032120,http://www.compandsave.com/ProductDetails.asp?ProductCode=INK-Epson-T032120&utm_source=shoppingcom&utm_medium=shoppingengine&utm_campaign=shoppingcomshopping&,2.99,,00010343837157
393,222,Used or refurbished products are not listed currently,Computers > Cartridges and Toners,Epson,Remanufactured Epson T032220 Inkjet Cartridge,INK-Epson-T032220,http://www.compandsave.com/ProductDetails.asp?ProductCode=INK-Epson-T032220&utm_source=shoppingcom&utm_medium=shoppingengine&utm_campaign=shoppingcomshopping&,2.99,,00010343837331
394,222,Used or refurbished products are not listed currently,Computers > Cartridges and Toners,Epson,Remanufactured Epson T032320 Inkjet Cartridge,INK-Epson-T032320,http://www.compandsave.com/ProductDetails.asp?ProductCode=INK-Epson-T032320&utm_source=shoppingcom&utm_medium=shoppingengine&utm_campaign=shoppingcomshopping&,2.99,,00010343837270
395,222,Used or refurbished products are not listed currently,Computers > Cartridges and Toners,Epson,Remanufactured Epson T032420 Inkjet Cartridge,INK-Epson-T032420,http://www.compandsave.com/ProductDetails.asp?ProductCode=INK-Epson-T032420&utm_source=shoppingcom&utm_medium=shoppingengine&utm_campaign=shoppingcomshopping&,2.99,,00010343837218
396,222,Used or refurbished products are not listed currently,Computers > Cartridges and Toners,Epson,Epson T033120 Black Inkjet Cartridge,INK-Epson-T033120,http://www.compandsave.com/ProductDetails.asp?ProductCode=INK-Epson-T033120&utm_source=shoppingcom&utm_medium=shoppingengine&utm_campaign=shoppingcomshopping&,2.99,,00010343843288
397,222,Used or refurbished products are not listed currently,Computers > Cartridges and Toners,Epson,Epson T033220 Cyan Inkjet Cartridge,INK-Epson-T033220,http://www.compandsave.com/ProductDetails.asp?ProductCode=INK-Epson-T033220&utm_source=shoppingcom&utm_medium=shoppingengine&utm_campaign=shoppingcomshopping&,2.99,,00010343843295
398,222,Used or refurbished products are not listed currently,Computers > Cartridges and Toners,Epson,Epson T033320 Magenta Inkjet Cartridge,INK-Epson-T033320,http://www.compandsave.com/ProductDetails.asp?ProductCode=INK-Epson-T033320&utm_source=shoppingcom&utm_medium=shoppingengine&utm_campaign=shoppingcomshopping&,2.99,,00010343843301
399,222,Used or refurbished products are not listed currently,Computers > Cartridges and Toners,Epson,Epson T033420 Yellow Inkjet Cartridge,INK-Epson-T033420,http://www.compandsave.com/ProductDetails.asp?ProductCode=INK-Epson-T033420&utm_source=shoppingcom&utm_medium=shoppingengine&utm_campaign=shoppingcomshopping&,2.99,,00010343843318
400,222,Used or refurbished products are not listed currently,Computers > Cartridges and Toners,Epson,Epson T033520 Light Cyan Inkjet Cartridge,INK-Epson-T033520,http://www.compandsave.com/ProductDetails.asp?ProductCode=INK-Epson-T033520&utm_source=shoppingcom&utm_medium=shoppingengine&utm_campaign=shoppingcomshopping&,2.99,,00010343843325
401,222,Used or refurbished products are not listed currently,Computers > Cartridges and Toners,Epson,Epson T033620 Light Magenta Inkjet Cartridge,INK-Epson-T033620,http://www.compandsave.com/ProductDetails.asp?ProductCode=INK-Epson-T033620&utm_source=shoppingcom&utm_medium=shoppingengine&utm_campaign=shoppingcomshopping&,2.99,,00010343843332
402,222,Used or refurbished products are not listed currently,Computers > Cartridges and Toners,Epson,Epson T034120 Photo Black Inkjet Cartridge,INK-Epson-T034120,http://www.compandsave.com/ProductDetails.asp?ProductCode=INK-Epson-T034120&utm_source=shoppingcom&utm_medium=shoppingengine&utm_campaign=shoppingcomshopping&,2.99,,00010343841024
403,222,Used or refurbished products are not listed currently,Computers > Cartridges and Toners,Epson,Epson T034220 Cyan Inkjet Cartridge,INK-Epson-T034220,http://www.compandsave.com/ProductDetails.asp?ProductCode=INK-Epson-T034220&utm_source=shoppingcom&utm_medium=shoppingengine&utm_campaign=shoppingcomshopping&,2.99,,00010343841031
404,222,Used or refurbished products are not listed currently,Computers > Cartridges and Toners,Epson,Epson T034320 Magenta Inkjet Cartridge,INK-Epson-T034320,http://www.compandsave.com/ProductDetails.asp?ProductCode=INK-Epson-T034320&utm_source=shoppingcom&utm_medium=shoppingengine&utm_campaign=shoppingcomshopping&,2.99,,00010343841048
405,222,Used or refurbished products are not listed currently,Computers > Cartridges and Toners,Epson,Epson T034420 Yellow Inkjet Cartridge,INK-Epson-T034420,http://www.compandsave.com/ProductDetails.asp?ProductCode=INK-Epson-T034420&utm_source=shoppingcom&utm_medium=shoppingengine&utm_campaign=shoppingcomshopping&,2.99,,00010343841055
406,222,Used or refurbished products are not listed currently,Computers > Cartridges and Toners,Epson,Epson T034520 Light Cyan Inkjet Cartridge,INK-Epson-T034520,http://www.compandsave.com/ProductDetails.asp?ProductCode=INK-Epson-T034520&utm_source=shoppingcom&utm_medium=shoppingengine&utm_campaign=shoppingcomshopping&,2.99,,00010343841062
407,222,Used or refurbished products are not listed currently,Computers > Cartridges and Toners,Epson,Epson T034620 Light Magenta Inkjet Cartridge,INK-Epson-T034620,http://www.compandsave.com/ProductDetails.asp?ProductCode=INK-Epson-T034620&utm_source=shoppingcom&utm_medium=shoppingengine&utm_campaign=shoppingcomshopping&,2.99,,00010343841079
408,222,Used or refurbished products are not listed currently,Computers > Cartridges and Toners,Epson,Epson T034720 Light Black Inkjet Cartridge,INK-Epson-T034720,http://www.compandsave.com/ProductDetails.asp?ProductCode=INK-Epson-T034720&utm_source=shoppingcom&utm_medium=shoppingengine&utm_campaign=shoppingcomshopping&,2.99,,00010343841086
409,222,Used or refurbished products are not listed currently,Computers > Cartridges and Toners,Epson,Epson T034820 Matte Black Inkjet Cartridge,INK-Epson-T034820,http://www.compandsave.com/ProductDetails.asp?ProductCode=INK-Epson-T034820&utm_source=shoppingcom&utm_medium=shoppingengine&utm_campaign=shoppingcomshopping&,2.99,,00010343841093
410,222,Used or refurbished products are not listed currently,Computers > Cartridges and Toners,Epson,Remanufactured Epson T036120 Inkjet Cartridge,INK-Epson-T036120,http://www.compandsave.com/ProductDetails.asp?ProductCode=INK-Epson-T036120&utm_source=shoppingcom&utm_medium=shoppingengine&utm_campaign=shoppingcomshopping&,3.99,,00010343842328
411,222,Used or refurbished products are not listed currently,Computers > Cartridges and Toners,Epson,Remanufactured Epson T037020 Inkjet Cartridge,INK-Epson-T037020,http://www.compandsave.com/ProductDetails.asp?ProductCode=INK-Epson-T037020&utm_source=shoppingcom&utm_medium=shoppingengine&utm_campaign=shoppingcomshopping&,3.99,,00010343842335
412,222,Used or refurbished products are not listed currently,Computers > Cartridges and Toners,Epson,Remanufactured Epson T038201 Inkjet Cartridge,INK-Epson-T038201,http://www.compandsave.com/ProductDetails.asp?ProductCode=INK-Epson-T038201&utm_source=shoppingcom&utm_medium=shoppingengine&utm_campaign=shoppingcomshopping&,3.99,,
413,222,Used or refurbished products are not listed currently,Computers > Cartridges and Toners,Epson,Remanufactured Epson T039020 Inkjet Cartridge,INK-Epson-T039020,http://www.compandsave.com/ProductDetails.asp?ProductCode=INK-Epson-T039020&utm_source=shoppingcom&utm_medium=shoppingengine&utm_campaign=shoppingcomshopping&,3.99,,
414,222,Used or refurbished products are not listed currently,Computers > Cartridges and Toners,Epson,Remanufactured Epson T040120 Inkjet Cartridge,INK-Epson-T040120,http://www.compandsave.com/ProductDetails.asp?ProductCode=INK-Epson-T040120&utm_source=shoppingcom&utm_medium=shoppingengine&utm_campaign=shoppingcomshopping&,2.99,,00010343842465
415,222,Used or refurbished products are not listed currently,Computers > Cartridges and Toners,Epson,Remanufactured Epson T041020 Inkjet Cartridge,INK-Epson-T041020,http://www.compandsave.com/ProductDetails.asp?ProductCode=INK-Epson-T041020&utm_source=shoppingcom&utm_medium=shoppingengine&utm_campaign=shoppingcomshopping&,2.99,,00010343842533
416,222,Used or refurbished products are not listed currently,Computers > Cartridges and Toners,Epson,Remanufactured Epson T042220 Inkjet Cartridge,INK-Epson-T042220,http://www.compandsave.com/ProductDetails.asp?ProductCode=INK-Epson-T042220&utm_source=shoppingcom&utm_medium=shoppingengine&utm_campaign=shoppingcomshopping&,2.99,,00010343843752
417,222,Used or refurbished products are not listed currently,Computers > Cartridges and Toners,Epson,Remanufactured Epson T042320 Inkjet Cartridge,INK-Epson-T042320,http://www.compandsave.com/ProductDetails.asp?ProductCode=INK-Epson-T042320&utm_source=shoppingcom&utm_medium=shoppingengine&utm_campaign=shoppingcomshopping&,2.99,,00010343843769
418,222,Used or refurbished products are not listed currently,Computers > Cartridges and Toners,Epson,Remanufactured Epson T042420 Inkjet Cartridge,INK-Epson-T042420,http://www.compandsave.com/ProductDetails.asp?ProductCode=INK-Epson-T042420&utm_source=shoppingcom&utm_medium=shoppingengine&utm_campaign=shoppingcomshopping&,2.99,,00010343843776
419,222,Used or refurbished products are not listed currently,Computers > Cartridges and Toners,Epson,Remanufactured Epson T043120 Inkjet Cartridge,INK-Epson-T043120,http://www.compandsave.com/ProductDetails.asp?ProductCode=INK-Epson-T043120&utm_source=shoppingcom&utm_medium=shoppingengine&utm_campaign=shoppingcomshopping&,2.99,,00010343846869
420,222,Used or refurbished products are not listed currently,Computers > Cartridges and Toners,Epson,Remanufactured Epson T044120 Inkjet Cartridge,INK-Epson-T044120,http://www.compandsave.com/ProductDetails.asp?ProductCode=INK-Epson-T044120&utm_source=shoppingcom&utm_medium=shoppingengine&utm_campaign=shoppingcomshopping&,2.99,,00010343846876
421,222,Used or refurbished products are not listed currently,Computers > Cartridges and Toners,Epson,Remanufactured Epson T044220 Inkjet Cartridge,INK-Epson-T044220,http://www.compandsave.com/ProductDetails.asp?ProductCode=INK-Epson-T044220&utm_source=shoppingcom&utm_medium=shoppingengine&utm_campaign=shoppingcomshopping&,2.99,,00010343846883
422,222,Used or refurbished products are not listed currently,Computers > Cartridges and Toners,Epson,Remanufactured Epson T044320 Inkjet Cartridge,INK-Epson-T044320,http://www.compandsave.com/ProductDetails.asp?ProductCode=INK-Epson-T044320&utm_source=shoppingcom&utm_medium=shoppingengine&utm_campaign=shoppingcomshopping&,2.99,,
423,222,Used or refurbished products are not listed currently,Computers > Cartridges and Toners,Epson,Remanufactured Epson T044420 Inkjet Cartridge,INK-Epson-T044420,http://www.compandsave.com/ProductDetails.asp?ProductCode=INK-Epson-T044420&utm_source=shoppingcom&utm_medium=shoppingengine&utm_campaign=shoppingcomshopping&,2.99,,00010343846906
424,222,Used or refurbished products are not listed currently,Computers > Cartridges and Toners,Epson,Remanufactured Epson T048120 Inkjet Cartridge,INK-Epson-T048120,http://www.compandsave.com/ProductDetails.asp?ProductCode=INK-Epson-T048120&utm_source=shoppingcom&utm_medium=shoppingengine&utm_campaign=shoppingcomshopping&,3.99,,00010343847088
425,222,Used or refurbished products are not listed currently,Computers > Cartridges and Toners,Epson,Remanufactured Epson T048220 Inkjet Cartridge,INK-Epson-T048220,http://www.compandsave.com/ProductDetails.asp?ProductCode=INK-Epson-T048220&utm_source=shoppingcom&utm_medium=shoppingengine&utm_campaign=shoppingcomshopping&,3.99,,00010343847095
426,222,Used or refurbished products are not listed currently,Computers > Cartridges and Toners,Epson,Remanufactured Epson T048320 Inkjet Cartridge,INK-Epson-T048320,http://www.compandsave.com/ProductDetails.asp?ProductCode=INK-Epson-T048320&utm_source=shoppingcom&utm_medium=shoppingengine&utm_campaign=shoppingcomshopping&,3.99,,00010343847101
427,222,Used or refurbished products are not listed currently,Computers > Cartridges and Toners,Epson,Remanufactured Epson T048420 Inkjet Cartridge,INK-Epson-T048420,http://www.compandsave.com/ProductDetails.asp?ProductCode=INK-Epson-T048420&utm_source=shoppingcom&utm_medium=shoppingengine&utm_campaign=shoppingcomshopping&,3.99,,00010343847118
428,222,Used or refurbished products are not listed currently,Computers > Cartridges and Toners,Epson,Remanufactured Epson T048520 Inkjet Cartridge,INK-Epson-T048520,http://www.compandsave.com/ProductDetails.asp?ProductCode=INK-Epson-T048520&utm_source=shoppingcom&utm_medium=shoppingengine&utm_campaign=shoppingcomshopping&,3.99,,00010343847125
429,222,Used or refurbished products are not listed currently,Computers > Cartridges and Toners,Epson,Remanufactured Epson T048620 Inkjet Cartridge,INK-Epson-T048620,http://www.compandsave.com/ProductDetails.asp?ProductCode=INK-Epson-T048620&utm_source=shoppingcom&utm_medium=shoppingengine&utm_campaign=shoppingcomshopping&,3.99,,00010343847132
430,222,Used or refurbished products are not listed currently,Computers > Cartridges and Toners,Epson,Remanufactured Epson T054020 Inkjet Cartridge,INK-Epson-T054020,http://www.compandsave.com/ProductDetails.asp?ProductCode=INK-Epson-T054020&utm_source=shoppingcom&utm_medium=shoppingengine&utm_campaign=shoppingcomshopping&,3.49,,00010343848993
431,222,Used or refurbished products are not listed currently,Computers > Cartridges and Toners,Epson,Remanufactured Epson T054120 Inkjet Cartridge,INK-Epson-T054120,http://www.compandsave.com/ProductDetails.asp?ProductCode=INK-Epson-T054120&utm_source=shoppingcom&utm_medium=shoppingengine&utm_campaign=shoppingcomshopping&,3.49,,00010343848924
432,222,Used or refurbished products are not listed currently,Computers > Cartridges and Toners,Epson,Remanufactured Epson T054220 Inkjet Cartridge,INK-Epson-T054220,http://www.compandsave.com/ProductDetails.asp?ProductCode=INK-Epson-T054220&utm_source=shoppingcom&utm_medium=shoppingengine&utm_campaign=shoppingcomshopping&,3.49,,00010343848931
433,222,Used or refurbished products are not listed currently,Computers > Cartridges and Toners,Epson,Remanufactured Epson T054320 Inkjet Cartridge,INK-Epson-T054320,http://www.compandsave.com/ProductDetails.asp?ProductCode=INK-Epson-T054320&utm_source=shoppingcom&utm_medium=shoppingengine&utm_campaign=shoppingcomshopping&,3.49,,00010343848948
434,222,Used or refurbished products are not listed currently,Computers > Cartridges and Toners,Epson,Remanufactured Epson T054420 Inkjet Cartridge,INK-Epson-T054420,http://www.compandsave.com/ProductDetails.asp?ProductCode=INK-Epson-T054420&utm_source=shoppingcom&utm_medium=shoppingengine&utm_campaign=shoppingcomshopping&,3.49,,00010343848955
435,222,Used or refurbished products are not listed currently,Computers > Cartridges and Toners,Epson,Remanufactured Epson T054720 Inkjet Cartridge,INK-Epson-T054720,http://www.compandsave.com/ProductDetails.asp?ProductCode=INK-Epson-T054720&utm_source=shoppingcom&utm_medium=shoppingengine&utm_campaign=shoppingcomshopping&,3.49,,00010343848962
436,222,Used or refurbished products are not listed currently,Computers > Cartridges and Toners,Epson,Remanufactured Epson T054820 Inkjet Cartridge,INK-Epson-T054820,http://www.compandsave.com/ProductDetails.asp?ProductCode=INK-Epson-T054820&utm_source=shoppingcom&utm_medium=shoppingengine&utm_campaign=shoppingcomshopping&,3.49,,00010343848979
437,222,Used or refurbished products are not listed currently,Computers > Cartridges and Toners,Epson,Remanufactured Epson T054920 Inkjet Cartridge,INK-Epson-T054920,http://www.compandsave.com/ProductDetails.asp?ProductCode=INK-Epson-T054920&utm_source=shoppingcom&utm_medium=shoppingengine&utm_campaign=shoppingcomshopping&,3.49,,00010343848986
438,222,Used or refurbished products are not listed currently,Computers > Cartridges and Toners,Epson,Remanufactured Epson T059120 Inkjet Cartridge,INK-Epson-T059120,http://www.compandsave.com/ProductDetails.asp?ProductCode=INK-Epson-T059120&utm_source=shoppingcom&utm_medium=shoppingengine&utm_campaign=shoppingcomshopping&,3.99,,00010343853874
439,222,Used or refurbished products are not listed currently,Computers > Cartridges and Toners,Epson,Remanufactured Epson T059220 Inkjet Cartridge,INK-Epson-T059220,http://www.compandsave.com/ProductDetails.asp?ProductCode=INK-Epson-T059220&utm_source=shoppingcom&utm_medium=shoppingengine&utm_campaign=shoppingcomshopping&,3.99,,00010343853881
440,222,Used or refurbished products are not listed currently,Computers > Cartridges and Toners,Epson,Remanufactured Epson T059320 Inkjet Cartridge,INK-Epson-T059320,http://www.compandsave.com/ProductDetails.asp?ProductCode=INK-Epson-T059320&utm_source=shoppingcom&utm_medium=shoppingengine&utm_campaign=shoppingcomshopping&,3.99,,00010343853898
441,222,Used or refurbished products are not listed currently,Computers > Cartridges and Toners,Epson,Remanufactured Epson T059420 Inkjet Cartridge,INK-Epson-T059420,http://www.compandsave.com/ProductDetails.asp?ProductCode=INK-Epson-T059420&utm_source=shoppingcom&utm_medium=shoppingengine&utm_campaign=shoppingcomshopping&,3.99,,00010343853904
442,222,Used or refurbished products are not listed currently,Computers > Cartridges and Toners,Epson,Remanufactured Epson T059520 Inkjet Cartridge,INK-Epson-T059520,http://www.compandsave.com/ProductDetails.asp?ProductCode=INK-Epson-T059520&utm_source=shoppingcom&utm_medium=shoppingengine&utm_campaign=shoppingcomshopping&,3.99,,00010343853911
443,222,Used or refurbished products are not listed currently,Computers > Cartridges and Toners,Epson,Remanufactured Epson T059620 Inkjet Cartridge,INK-Epson-T059620,http://www.compandsave.com/ProductDetails.asp?ProductCode=INK-Epson-T059620&utm_source=shoppingcom&utm_medium=shoppingengine&utm_campaign=shoppingcomshopping&,3.99,,00010343853928
444,222,Used or refurbished products are not listed currently,Computers > Cartridges and Toners,Epson,Remanufactured Epson T059720 Inkjet Cartridge,INK-Epson-T059720,http://www.compandsave.com/ProductDetails.asp?ProductCode=INK-Epson-T059720&utm_source=shoppingcom&utm_medium=shoppingengine&utm_campaign=shoppingcomshopping&,3.99,,00010343853935
445,222,Used or refurbished products are not listed currently,Computers > Cartridges and Toners,Epson,Remanufactured Epson T059820 Inkjet Cartridge,INK-Epson-T059820,http://www.compandsave.com/ProductDetails.asp?ProductCode=INK-Epson-T059820&utm_source=shoppingcom&utm_medium=shoppingengine&utm_campaign=shoppingcomshopping&,3.99,,00010343853942
446,222,Used or refurbished products are not listed currently,Computers > Cartridges and Toners,Epson,Remanufactured Epson T059920 Inkjet Cartridge,INK-Epson-T059920,http://www.compandsave.com/ProductDetails.asp?ProductCode=INK-Epson-T059920&utm_source=shoppingcom&utm_medium=shoppingengine&utm_campaign=shoppingcomshopping&,3.99,,00010343853959
447,222,Used or refurbished products are not listed currently,Computers > Cartridges and Toners,Epson,Epson T060120 Black Inkjet Cartridge,INK-Epson-T060120,http://www.compandsave.com/ProductDetails.asp?ProductCode=INK-Epson-T060120&utm_source=shoppingcom&utm_medium=shoppingengine&utm_campaign=shoppingcomshopping&,4.99,,00010343854192
448,222,Used or refurbished products are not listed currently,Computers > Cartridges and Toners,Epson,Epson T060220 Cyan Inkjet Cartridge,INK-Epson-T060220,http://www.compandsave.com/ProductDetails.asp?ProductCode=INK-Epson-T060220&utm_source=shoppingcom&utm_medium=shoppingengine&utm_campaign=shoppingcomshopping&,4.99,,00010343854208
449,222,Used or refurbished products are not listed currently,Computers > Cartridges and Toners,Epson,Epson T060320 Magenta Inkjet Cartridge,INK-Epson-T060320,http://www.compandsave.com/ProductDetails.asp?ProductCode=INK-Epson-T060320&utm_source=shoppingcom&utm_medium=shoppingengine&utm_campaign=shoppingcomshopping&,4.99,,00010343854215
450,222,Used or refurbished products are not listed currently,Computers > Cartridges and Toners,Epson,Epson T060420 Yellow Inkjet Cartridge,INK-Epson-T060420,http://www.compandsave.com/ProductDetails.asp?ProductCode=INK-Epson-T060420&utm_source=shoppingcom&utm_medium=shoppingengine&utm_campaign=shoppingcomshopping&,4.99,,00010343854222
451,222,Used or refurbished products are not listed currently,Computers > Cartridges and Toners,Epson,Epson T068120 Black Inkjet Cartridge,INK-Epson-T068120,http://www.compandsave.com/ProductDetails.asp?ProductCode=INK-Epson-T068120&utm_source=shoppingcom&utm_medium=shoppingengine&utm_campaign=shoppingcomshopping&,5.99,,
452,222,Used or refurbished products are not listed currently,Computers > Cartridges and Toners,Epson,Epson T068220 Cyan Inkjet Cartridge,INK-Epson-T068220,http://www.compandsave.com/ProductDetails.asp?ProductCode=INK-Epson-T068220&utm_source=shoppingcom&utm_medium=shoppingengine&utm_campaign=shoppingcomshopping&,5.99,,
453,222,Used or refurbished products are not listed currently,Computers > Cartridges and Toners,Epson,Epson T068320 Magenta Inkjet Cartridge,INK-Epson-T068320,http://www.compandsave.com/ProductDetails.asp?ProductCode=INK-Epson-T068320&utm_source=shoppingcom&utm_medium=shoppingengine&utm_campaign=shoppingcomshopping&,5.99,,
454,222,Used or refurbished products are not listed currently,Computers > Cartridges and Toners,Epson,Epson T068420 Yellow Inkjet Cartridge,INK-Epson-T068420,http://www.compandsave.com/ProductDetails.asp?ProductCode=INK-Epson-T068420&utm_source=shoppingcom&utm_medium=shoppingengine&utm_campaign=shoppingcomshopping&,5.99,,
455,222,Used or refurbished products are not listed currently,Computers > Cartridges and Toners,Epson,Epson T069120 Black Inkjet Cartridge,INK-Epson-T069120,http://www.compandsave.com/ProductDetails.asp?ProductCode=INK-Epson-T069120&utm_source=shoppingcom&utm_medium=shoppingengine&utm_campaign=shoppingcomshopping&,5.99,,00010343860681
456,222,Used or refurbished products are not listed currently,Computers > Cartridges and Toners,Epson,Epson T069220 Cyan Inkjet Cartridge,INK-Epson-T069220,http://www.compandsave.com/ProductDetails.asp?ProductCode=INK-Epson-T069220&utm_source=shoppingcom&utm_medium=shoppingengine&utm_campaign=shoppingcomshopping&,5.99,,00010343860551
457,222,Used or refurbished products are not listed currently,Computers > Cartridges and Toners,Epson,Epson T069320 Magenta Inkjet Cartridge,INK-Epson-T069320,http://www.compandsave.com/ProductDetails.asp?ProductCode=INK-Epson-T069320&utm_source=shoppingcom&utm_medium=shoppingengine&utm_campaign=shoppingcomshopping&,5.99,,00010343860568
458,222,Used or refurbished products are not listed currently,Computers > Cartridges and Toners,Epson,Epson T069420 Yellow Inkjet Cartridge,INK-Epson-T069420,http://www.compandsave.com/ProductDetails.asp?ProductCode=INK-Epson-T069420&utm_source=shoppingcom&utm_medium=shoppingengine&utm_campaign=shoppingcomshopping&,5.99,,00010343860575
459,222,Used or refurbished products are not listed currently,Computers > Cartridges and Toners,Epson,Epson T078120 Black Inkjet Cartridge,INK-Epson-T078120,http://www.compandsave.com/ProductDetails.asp?ProductCode=INK-Epson-T078120&utm_source=shoppingcom&utm_medium=shoppingengine&utm_campaign=shoppingcomshopping&,5.99,,00010343860698
460,222,Used or refurbished products are not listed currently,Computers > Cartridges and Toners,Epson,Epson T078220 Cyan Inkjet Cartridge,INK-Epson-T078220,http://www.compandsave.com/ProductDetails.asp?ProductCode=INK-Epson-T078220&utm_source=shoppingcom&utm_medium=shoppingengine&utm_campaign=shoppingcomshopping&,5.99,,00010343860704
461,222,Used or refurbished products are not listed currently,Computers > Cartridges and Toners,Epson,Epson T078320 Magenta Inkjet Cartridge,INK-Epson-T078320,http://www.compandsave.com/ProductDetails.asp?ProductCode=INK-Epson-T078320&utm_source=shoppingcom&utm_medium=shoppingengine&utm_campaign=shoppingcomshopping&,5.99,,00010343860711
462,222,Used or refurbished products are not listed currently,Computers > Cartridges and Toners,Epson,Epson T078420 Yellow Inkjet Cartridge,INK-Epson-T078420,http://www.compandsave.com/ProductDetails.asp?ProductCode=INK-Epson-T078420&utm_source=shoppingcom&utm_medium=shoppingengine&utm_campaign=shoppingcomshopping&,5.99,,00010343860728
463,222,Used or refurbished products are not listed currently,Computers > Cartridges and Toners,Epson,Epson T078520 Light Cyan Inkjet Cartridge,INK-Epson-T078520,http://www.compandsave.com/ProductDetails.asp?ProductCode=INK-Epson-T078520&utm_source=shoppingcom&utm_medium=shoppingengine&utm_campaign=shoppingcomshopping&,5.99,,00010343860735
464,222,Used or refurbished products are not listed currently,Computers > Cartridges and Toners,Epson,Epson T078620 Light Magenta Inkjet Cartridge,INK-Epson-T078620,http://www.compandsave.com/ProductDetails.asp?ProductCode=INK-Epson-T078620&utm_source=shoppingcom&utm_medium=shoppingengine&utm_campaign=shoppingcomshopping&,5.99,,00010343860742
465,222,Used or refurbished products are not listed currently,Computers > Cartridges and Toners,Epson,Epson T079120 Black Inkjet Cartridge,INK-Epson-T079120,http://www.compandsave.com/ProductDetails.asp?ProductCode=INK-Epson-T079120&utm_source=shoppingcom&utm_medium=shoppingengine&utm_campaign=shoppingcomshopping&,5.99,,
466,222,Used or refurbished products are not listed currently,Computers > Cartridges and Toners,Epson,Epson T079220 Cyan Inkjet Cartridge,INK-Epson-T079220,http://www.compandsave.com/ProductDetails.asp?ProductCode=INK-Epson-T079220&utm_source=shoppingcom&utm_medium=shoppingengine&utm_campaign=shoppingcomshopping&,5.99,,
467,222,Used or refurbished products are not listed currently,Computers > Cartridges and Toners,Epson,Epson T079320 Magenta Inkjet Cartridge,INK-Epson-T079320,http://www.compandsave.com/ProductDetails.asp?ProductCode=INK-Epson-T079320&utm_source=shoppingcom&utm_medium=shoppingengine&utm_campaign=shoppingcomshopping&,5.99,,
468,222,Used or refurbished products are not listed currently,Computers > Cartridges and Toners,Epson,Epson T079420 Yellow Inkjet Cartridge,INK-Epson-T079420,http://www.compandsave.com/ProductDetails.asp?ProductCode=INK-Epson-T079420&utm_source=shoppingcom&utm_medium=shoppingengine&utm_campaign=shoppingcomshopping&,5.99,,
469,222,Used or refurbished products are not listed currently,Computers > Cartridges and Toners,Epson,Epson T079520 Light Cyan Inkjet Cartridge,INK-Epson-T079520,http://www.compandsave.com/ProductDetails.asp?ProductCode=INK-Epson-T079520&utm_source=shoppingcom&utm_medium=shoppingengine&utm_campaign=shoppingcomshopping&,5.99,,
470,222,Used or refurbished products are not listed currently,Computers > Cartridges and Toners,Epson,Epson T079620 Light Magenta Inkjet Cartridge,INK-Epson-T079620,http://www.compandsave.com/ProductDetails.asp?ProductCode=INK-Epson-T079620&utm_source=shoppingcom&utm_medium=shoppingengine&utm_campaign=shoppingcomshopping&,5.99,,
471,222,Used or refurbished products are not listed currently,Computers > Cartridges and Toners,Epson,Epson T087020 Gloss Optimizer Inkjet Cartridge,INK-Epson-T087020,http://www.compandsave.com/ProductDetails.asp?ProductCode=INK-Epson-T087020&utm_source=shoppingcom&utm_medium=shoppingengine&utm_campaign=shoppingcomshopping&,5.99,,
472,222,Used or refurbished products are not listed currently,Computers > Cartridges and Toners,Epson,Epson T087120 Photo Black Inkjet Cartridge,INK-Epson-T087120,http://www.compandsave.com/ProductDetails.asp?ProductCode=INK-Epson-T087120&utm_source=shoppingcom&utm_medium=shoppingengine&utm_campaign=shoppingcomshopping&,5.99,,
473,222,Used or refurbished products are not listed currently,Computers > Cartridges and Toners,Epson,Epson T087220 Cyan Inkjet Cartridge,INK-Epson-T087220,http://www.compandsave.com/ProductDetails.asp?ProductCode=INK-Epson-T087220&utm_source=shoppingcom&utm_medium=shoppingengine&utm_campaign=shoppingcomshopping&,5.99,,
474,222,Used or refurbished products are not listed currently,Computers > Cartridges and Toners,Epson,Epson T087320 Magenta Inkjet Cartridge,INK-Epson-T087320,http://www.compandsave.com/ProductDetails.asp?ProductCode=INK-Epson-T087320&utm_source=shoppingcom&utm_medium=shoppingengine&utm_campaign=shoppingcomshopping&,5.99,,
475,222,Used or refurbished products are not listed currently,Computers > Cartridges and Toners,Epson,Epson T087420 Yellow Inkjet Cartridge,INK-Epson-T087420,http://www.compandsave.com/ProductDetails.asp?ProductCode=INK-Epson-T087420&utm_source=shoppingcom&utm_medium=shoppingengine&utm_campaign=shoppingcomshopping&,5.99,,
476,222,Used or refurbished products are not listed currently,Computers > Cartridges and Toners,Epson,Epson T087720 Red Inkjet Cartridge,INK-Epson-T087720,http://www.compandsave.com/ProductDetails.asp?ProductCode=INK-Epson-T087720&utm_source=shoppingcom&utm_medium=shoppingengine&utm_campaign=shoppingcomshopping&,5.99,,
477,222,Used or refurbished products are not listed currently,Computers > Cartridges and Toners,Epson,Epson T087820 Matte Black Inkjet Cartridge,INK-Epson-T087820,http://www.compandsave.com/ProductDetails.asp?ProductCode=INK-Epson-T087820&utm_source=shoppingcom&utm_medium=shoppingengine&utm_campaign=shoppingcomshopping&,5.99,,
478,222,Used or refurbished products are not listed currently,Computers > Cartridges and Toners,Epson,Epson T087920 Orange Inkjet Cartridge,INK-Epson-T087920,http://www.compandsave.com/ProductDetails.asp?ProductCode=INK-Epson-T087920&utm_source=shoppingcom&utm_medium=shoppingengine&utm_campaign=shoppingcomshopping&,5.99,,
479,222,Used or refurbished products are not listed currently,Computers > Cartridges and Toners,Epson,Epson T088120 Black Inkjet Cartridge,INK-Epson-T088120,http://www.compandsave.com/ProductDetails.asp?ProductCode=INK-Epson-T088120&utm_source=shoppingcom&utm_medium=shoppingengine&utm_campaign=shoppingcomshopping&,5.99,,
480,222,Used or refurbished products are not listed currently,Computers > Cartridges and Toners,Epson,Epson T088220 Cyan Inkjet Cartridge,INK-Epson-T088220,http://www.compandsave.com/ProductDetails.asp?ProductCode=INK-Epson-T088220&utm_source=shoppingcom&utm_medium=shoppingengine&utm_campaign=shoppingcomshopping&,5.99,,
481,222,Used or refurbished products are not listed currently,Computers > Cartridges and Toners,Epson,Epson T088320 Magenta Inkjet Cartridge,INK-Epson-T088320,http://www.compandsave.com/ProductDetails.asp?ProductCode=INK-Epson-T088320&utm_source=shoppingcom&utm_medium=shoppingengine&utm_campaign=shoppingcomshopping&,5.99,,
482,222,Used or refurbished products are not listed currently,Computers > Cartridges and Toners,Epson,Epson T088420 Yellow Inkjet Cartridge,INK-Epson-T088420,http://www.compandsave.com/ProductDetails.asp?ProductCode=INK-Epson-T088420&utm_source=shoppingcom&utm_medium=shoppingengine&utm_campaign=shoppingcomshopping&,5.99,,
483,222,Used or refurbished products are not listed currently,Computers > Cartridges and Toners,Epson,Epson T096120 Photo Black Inkjet Cartridge,INK-Epson-T096120,http://www.compandsave.com/ProductDetails.asp?ProductCode=INK-Epson-T096120&utm_source=shoppingcom&utm_medium=shoppingengine&utm_campaign=shoppingcomshopping&,5.99,,
484,222,Used or refurbished products are not listed currently,Computers > Cartridges and Toners,Epson,Epson T096220 Cyan Inkjet Cartridge,INK-Epson-T096220,http://www.compandsave.com/ProductDetails.asp?ProductCode=INK-Epson-T096220&utm_source=shoppingcom&utm_medium=shoppingengine&utm_campaign=shoppingcomshopping&,5.99,,
485,222,Used or refurbished products are not listed currently,Computers > Cartridges and Toners,Epson,Epson T096320 Vivid Magenta Inkjet Cartridge,INK-Epson-T096320,http://www.compandsave.com/ProductDetails.asp?ProductCode=INK-Epson-T096320&utm_source=shoppingcom&utm_medium=shoppingengine&utm_campaign=shoppingcomshopping&,5.99,,
486,222,Used or refurbished products are not listed currently,Computers > Cartridges and Toners,Epson,Epson T096420 Yellow Inkjet Cartridge,INK-Epson-T096420,http://www.compandsave.com/ProductDetails.asp?ProductCode=INK-Epson-T096420&utm_source=shoppingcom&utm_medium=shoppingengine&utm_campaign=shoppingcomshopping&,5.99,,
487,222,Used or refurbished products are not listed currently,Computers > Cartridges and Toners,Epson,Epson T096520 Light Cyan Inkjet Cartridge,INK-Epson-T096520,http://www.compandsave.com/ProductDetails.asp?ProductCode=INK-Epson-T096520&utm_source=shoppingcom&utm_medium=shoppingengine&utm_campaign=shoppingcomshopping&,5.99,,
488,222,Used or refurbished products are not listed currently,Computers > Cartridges and Toners,Epson,Epson T096620 Vivid Light Magenta Inkjet Cartridge,INK-Epson-T096620,http://www.compandsave.com/ProductDetails.asp?ProductCode=INK-Epson-T096620&utm_source=shoppingcom&utm_medium=shoppingengine&utm_campaign=shoppingcomshopping&,5.99,,
489,222,Used or refurbished products are not listed currently,Computers > Cartridges and Toners,Epson,Epson T096720 Light Black Inkjet Cartridge,INK-Epson-T096720,http://www.compandsave.com/ProductDetails.asp?ProductCode=INK-Epson-T096720&utm_source=shoppingcom&utm_medium=shoppingengine&utm_campaign=shoppingcomshopping&,5.99,,
490,222,Used or refurbished products are not listed currently,Computers > Cartridges and Toners,Epson,Epson T096820 Matte Black Inkjet Cartridge,INK-Epson-T096820,http://www.compandsave.com/ProductDetails.asp?ProductCode=INK-Epson-T096820&utm_source=shoppingcom&utm_medium=shoppingengine&utm_campaign=shoppingcomshopping&,5.99,,
491,222,Used or refurbished products are not listed currently,Computers > Cartridges and Toners,Epson,Epson T096920 Light Light Black Inkjet Cartridge,INK-Epson-T096920,http://www.compandsave.com/ProductDetails.asp?ProductCode=INK-Epson-T096920&utm_source=shoppingcom&utm_medium=shoppingengine&utm_campaign=shoppingcomshopping&,5.99,,
492,222,Used or refurbished products are not listed currently,Computers > Cartridges and Toners,Epson,Epson T097120 Extra HY Black Inkjet Cartridge,INK-Epson-T097120,http://www.compandsave.com/ProductDetails.asp?ProductCode=INK-Epson-T097120&utm_source=shoppingcom&utm_medium=shoppingengine&utm_campaign=shoppingcomshopping&,6.99,,00010343868069
493,222,Used or refurbished products are not listed currently,Computers > Cartridges and Toners,Epson,Epson T098120 Black Inkjet Cartridge,INK-Epson-T098120,http://www.compandsave.com/ProductDetails.asp?ProductCode=INK-Epson-T098120&utm_source=shoppingcom&utm_medium=shoppingengine&utm_campaign=shoppingcomshopping&,5.99,,00010343868106
494,222,Used or refurbished products are not listed currently,Computers > Cartridges and Toners,Epson,Epson T098220 Cyan Inkjet Cartridge,INK-Epson-T098220,http://www.compandsave.com/ProductDetails.asp?ProductCode=INK-Epson-T098220&utm_source=shoppingcom&utm_medium=shoppingengine&utm_campaign=shoppingcomshopping&,5.99,,
495,222,Used or refurbished products are not listed currently,Computers > Cartridges and Toners,Epson,Epson T098320 Magenta Inkjet Cartridge,INK-Epson-T098320,http://www.compandsave.com/ProductDetails.asp?ProductCode=INK-Epson-T098320&utm_source=shoppingcom&utm_medium=shoppingengine&utm_campaign=shoppingcomshopping&,5.99,,
496,222,Used or refurbished products are not listed currently,Computers > Cartridges and Toners,Epson,Epson T098420 Yellow Inkjet Cartridge,INK-Epson-T098420,http://www.compandsave.com/ProductDetails.asp?ProductCode=INK-Epson-T098420&utm_source=shoppingcom&utm_medium=shoppingengine&utm_campaign=shoppingcomshopping&,5.99,,00010343868137
497,222,Used or refurbished products are not listed currently,Computers > Cartridges and Toners,Epson,Epson T098520 Light Cyan Inkjet Cartridge,INK-Epson-T098520,http://www.compandsave.com/ProductDetails.asp?ProductCode=INK-Epson-T098520&utm_source=shoppingcom&utm_medium=shoppingengine&utm_campaign=shoppingcomshopping&,5.99,,00010343868144
498,222,Used or refurbished products are not listed currently,Computers > Cartridges and Toners,Epson,Epson T098620 Light Magenta Inkjet Cartridge,INK-Epson-T098620,http://www.compandsave.com/ProductDetails.asp?ProductCode=INK-Epson-T098620&utm_source=shoppingcom&utm_medium=shoppingengine&utm_campaign=shoppingcomshopping&,5.99,,00010343868151
499,222,Used or refurbished products are not listed currently,Computers > Cartridges and Toners,Epson,Epson T124120 Black Inkjet Cartridge,INK-Epson-T124120,http://www.compandsave.com/ProductDetails.asp?ProductCode=INK-Epson-T124120&utm_source=shoppingcom&utm_medium=shoppingengine&utm_campaign=shoppingcomshopping&,5.99,,00010343876484
500,222,Used or refurbished products are not listed currently,Computers > Cartridges and Toners,Epson,Epson T124220 Cyan Inkjet Cartridge,INK-Epson-T124220,http://www.compandsave.com/ProductDetails.asp?ProductCode=INK-Epson-T124220&utm_source=shoppingcom&utm_medium=shoppingengine&utm_campaign=shoppingcomshopping&,5.99,,
501,222,Used or refurbished products are not listed currently,Computers > Cartridges and Toners,Epson,Epson T124320 Magenta Inkjet Cartridge,INK-Epson-T124320,http://www.compandsave.com/ProductDetails.asp?ProductCode=INK-Epson-T124320&utm_source=shoppingcom&utm_medium=shoppingengine&utm_campaign=shoppingcomshopping&,5.99,,
502,222,Used or refurbished products are not listed currently,Computers > Cartridges and Toners,Epson,Epson T124420 Yellow Inkjet Cartridge,INK-Epson-T124420,http://www.compandsave.com/ProductDetails.asp?ProductCode=INK-Epson-T124420&utm_source=shoppingcom&utm_medium=shoppingengine&utm_campaign=shoppingcomshopping&,5.99,,
503,222,Used or refurbished products are not listed currently,Computers > Cartridges and Toners,Epson,Epson T125120 Black Inkjet Cartridge,INK-Epson-T125120,http://www.compandsave.com/ProductDetails.asp?ProductCode=INK-Epson-T125120&utm_source=shoppingcom&utm_medium=shoppingengine&utm_campaign=shoppingcomshopping&,5.99,,00010343876415
504,222,Used or refurbished products are not listed currently,Computers > Cartridges and Toners,Epson,Epson T125220 Cyan Inkjet Cartridge,INK-Epson-T125220,http://www.compandsave.com/ProductDetails.asp?ProductCode=INK-Epson-T125220&utm_source=shoppingcom&utm_medium=shoppingengine&utm_campaign=shoppingcomshopping&,5.99,,
505,222,Used or refurbished products are not listed currently,Computers > Cartridges and Toners,Epson,Epson T125320 Magenta Inkjet Cartridge,INK-Epson-T125320,http://www.compandsave.com/ProductDetails.asp?ProductCode=INK-Epson-T125320&utm_source=shoppingcom&utm_medium=shoppingengine&utm_campaign=shoppingcomshopping&,5.99,,
506,222,Used or refurbished products are not listed currently,Computers > Cartridges and Toners,Epson,Epson T125420 Yellow Inkjet Cartridge,INK-Epson-T125420,http://www.compandsave.com/ProductDetails.asp?ProductCode=INK-Epson-T125420&utm_source=shoppingcom&utm_medium=shoppingengine&utm_campaign=shoppingcomshopping&,5.99,,
507,222,Used or refurbished products are not listed currently,Computers > Cartridges and Toners,Epson,Epson T126120 Black Inkjet Cartridge,INK-Epson-T126120,http://www.compandsave.com/ProductDetails.asp?ProductCode=INK-Epson-T126120&utm_source=shoppingcom&utm_medium=shoppingengine&utm_campaign=shoppingcomshopping&,6.99,,00010343876286
508,222,Used or refurbished products are not listed currently,Computers > Cartridges and Toners,Epson,Epson T126220 Cyan Inkjet Cartridge,INK-Epson-T126220,http://www.compandsave.com/ProductDetails.asp?ProductCode=INK-Epson-T126220&utm_source=shoppingcom&utm_medium=shoppingengine&utm_campaign=shoppingcomshopping&,6.99,,00010343876279
509,222,Used or refurbished products are not listed currently,Computers > Cartridges and Toners,Epson,Epson T126320 Magenta Inkjet Cartridge,INK-Epson-T126320,http://www.compandsave.com/ProductDetails.asp?ProductCode=INK-Epson-T126320&utm_source=shoppingcom&utm_medium=shoppingengine&utm_campaign=shoppingcomshopping&,6.99,,00010343876262
510,222,Used or refurbished products are not listed currently,Computers > Cartridges and Toners,Epson,Epson T126420 Yellow Inkjet Cartridge,INK-Epson-T126420,http://www.compandsave.com/ProductDetails.asp?ProductCode=INK-Epson-T126420&utm_source=shoppingcom&utm_medium=shoppingengine&utm_campaign=shoppingcomshopping&,6.99,,00010343876286
511,222,Used or refurbished products are not listed currently,Computers > Cartridges and Toners,Epson,Epson T127120 Black Inkjet Cartridge,INK-Epson-T127120,http://www.compandsave.com/ProductDetails.asp?ProductCode=INK-Epson-T127120&utm_source=shoppingcom&utm_medium=shoppingengine&utm_campaign=shoppingcomshopping&,7.99,,
512,222,Used or refurbished products are not listed currently,Computers > Cartridges and Toners,Epson,Epson T127220 Cyan Inkjet Cartridge,INK-Epson-T127220,http://www.compandsave.com/ProductDetails.asp?ProductCode=INK-Epson-T127220&utm_source=shoppingcom&utm_medium=shoppingengine&utm_campaign=shoppingcomshopping&,7.99,,00010343876170
513,222,Used or refurbished products are not listed currently,Computers > Cartridges and Toners,Epson,Epson T127320 Magenta Inkjet Cartridge,INK-Epson-T127320,http://www.compandsave.com/ProductDetails.asp?ProductCode=INK-Epson-T127320&utm_source=shoppingcom&utm_medium=shoppingengine&utm_campaign=shoppingcomshopping&,7.99,,00010343876187
514,222,Used or refurbished products are not listed currently,Computers > Cartridges and Toners,Epson,Epson T127420 Yellow Inkjet Cartridge,INK-Epson-T127420,http://www.compandsave.com/ProductDetails.asp?ProductCode=INK-Epson-T127420&utm_source=shoppingcom&utm_medium=shoppingengine&utm_campaign=shoppingcomshopping&,7.99,,00010343876194
515,222,Used or refurbished products are not listed currently,Computers > Cartridges and Toners,Epson,Epson T200XL120 Black Inkjet Cartridge,INK-Epson-T200XL120,http://www.compandsave.com/ProductDetails.asp?ProductCode=INK-Epson-T200XL120&utm_source=shoppingcom&utm_medium=shoppingengine&utm_campaign=shoppingcomshopping&,6.99,,00010343901186
516,222,Used or refurbished products are not listed currently,Computers > Cartridges and Toners,Epson,Epson T200XL220 Cyan Inkjet Cartridge,INK-Epson-T200XL220,http://www.compandsave.com/ProductDetails.asp?ProductCode=INK-Epson-T200XL220&utm_source=shoppingcom&utm_medium=shoppingengine&utm_campaign=shoppingcomshopping&,5.99,,00010343901087
517,222,Used or refurbished products are not listed currently,Computers > Cartridges and Toners,Epson,Epson T200XL320 Magenta Inkjet Cartridge,INK-Epson-T200XL320,http://www.compandsave.com/ProductDetails.asp?ProductCode=INK-Epson-T200XL320&utm_source=shoppingcom&utm_medium=shoppingengine&utm_campaign=shoppingcomshopping&,5.99,,
518,222,Used or refurbished products are not listed currently,Computers > Cartridges and Toners,Epson,Epson T200XL420 Yellow Inkjet Cartridge,INK-Epson-T200XL420,http://www.compandsave.com/ProductDetails.asp?ProductCode=INK-Epson-T200XL420&utm_source=shoppingcom&utm_medium=shoppingengine&utm_campaign=shoppingcomshopping&,5.99,,
519,222,Used or refurbished products are not listed currently,Computers > Cartridges and Toners,Epson,Remanufactured Epson T543100 Inkjet Cartridge,INK-Epson-T543100,http://www.compandsave.com/ProductDetails.asp?ProductCode=INK-Epson-T543100&utm_source=shoppingcom&utm_medium=shoppingengine&utm_campaign=shoppingcomshopping&,27.99,,00010343840164
520,222,Used or refurbished products are not listed currently,Computers > Cartridges and Toners,Epson,Remanufactured Epson T543200 Inkjet Cartridge,INK-Epson-T543200,http://www.compandsave.com/ProductDetails.asp?ProductCode=INK-Epson-T543200&utm_source=shoppingcom&utm_medium=shoppingengine&utm_campaign=shoppingcomshopping&,27.99,,00010343840171
521,222,Used or refurbished products are not listed currently,Computers > Cartridges and Toners,Epson,Remanufactured Epson T543300 Inkjet Cartridge,INK-Epson-T543300,http://www.compandsave.com/ProductDetails.asp?ProductCode=INK-Epson-T543300&utm_source=shoppingcom&utm_medium=shoppingengine&utm_campaign=shoppingcomshopping&,27.99,,00010343840188
522,222,Used or refurbished products are not listed currently,Computers > Cartridges and Toners,Epson,Remanufactured Epson T543400 Inkjet Cartridge,INK-Epson-T543400,http://www.compandsave.com/ProductDetails.asp?ProductCode=INK-Epson-T543400&utm_source=shoppingcom&utm_medium=shoppingengine&utm_campaign=shoppingcomshopping&,27.99,,00010343840225
523,222,Used or refurbished products are not listed currently,Computers > Cartridges and Toners,Epson,Remanufactured Epson T543500 Inkjet Cartridge,INK-Epson-T543500,http://www.compandsave.com/ProductDetails.asp?ProductCode=INK-Epson-T543500&utm_source=shoppingcom&utm_medium=shoppingengine&utm_campaign=shoppingcomshopping&,27.99,,00010343840232
524,222,Used or refurbished products are not listed currently,Computers > Cartridges and Toners,Epson,Remanufactured Epson T543600 Inkjet Cartridge,INK-Epson-T543600,http://www.compandsave.com/ProductDetails.asp?ProductCode=INK-Epson-T543600&utm_source=shoppingcom&utm_medium=shoppingengine&utm_campaign=shoppingcomshopping&,27.99,,00010343840249
525,222,Used or refurbished products are not listed currently,Computers > Cartridges and Toners,Epson,Remanufactured Epson T543700 Inkjet Cartridge,INK-Epson-T543700,http://www.compandsave.com/ProductDetails.asp?ProductCode=INK-Epson-T543700&utm_source=shoppingcom&utm_medium=shoppingengine&utm_campaign=shoppingcomshopping&,27.99,,00010343840256
526,222,Used or refurbished products are not listed currently,Computers > Cartridges and Toners,Epson,Remanufactured Epson T543800 Inkjet Cartridge,INK-Epson-T543800,http://www.compandsave.com/ProductDetails.asp?ProductCode=INK-Epson-T543800&utm_source=shoppingcom&utm_medium=shoppingengine&utm_campaign=shoppingcomshopping&,27.99,,00010343840263
527,222,Used or refurbished products are not listed currently,Computers > Cartridges and Toners,Epson,Remanufactured Epson T544100 Inkjet Cartridge,INK-Epson-T544100,http://www.compandsave.com/ProductDetails.asp?ProductCode=INK-Epson-T544100&utm_source=shoppingcom&utm_medium=shoppingengine&utm_campaign=shoppingcomshopping&,31.99,,00010343840270
528,222,Used or refurbished products are not listed currently,Computers > Cartridges and Toners,Epson,Remanufactured Epson T544200 Inkjet Cartridge,INK-Epson-T544200,http://www.compandsave.com/ProductDetails.asp?ProductCode=INK-Epson-T544200&utm_source=shoppingcom&utm_medium=shoppingengine&utm_campaign=shoppingcomshopping&,31.99,,00010343840287
529,222,Used or refurbished products are not listed currently,Computers > Cartridges and Toners,Epson,Remanufactured Epson T544300 Inkjet Cartridge,INK-Epson-T544300,http://www.compandsave.com/ProductDetails.asp?ProductCode=INK-Epson-T544300&utm_source=shoppingcom&utm_medium=shoppingengine&utm_campaign=shoppingcomshopping&,31.99,,00010343840294
530,222,Used or refurbished products are not listed currently,Computers > Cartridges and Toners,Epson,Remanufactured Epson T544400 Inkjet Cartridge,INK-Epson-T544400,http://www.compandsave.com/ProductDetails.asp?ProductCode=INK-Epson-T544400&utm_source=shoppingcom&utm_medium=shoppingengine&utm_campaign=shoppingcomshopping&,31.99,,00010343840300
531,222,Used or refurbished products are not listed currently,Computers > Cartridges and Toners,Epson,Remanufactured Epson T544500 Inkjet Cartridge,INK-Epson-T544500,http://www.compandsave.com/ProductDetails.asp?ProductCode=INK-Epson-T544500&utm_source=shoppingcom&utm_medium=shoppingengine&utm_campaign=shoppingcomshopping&,31.99,,00010343840317
532,222,Used or refurbished products are not listed currently,Computers > Cartridges and Toners,Epson,Remanufactured Epson T544600 Inkjet Cartridge,INK-Epson-T544600,http://www.compandsave.com/ProductDetails.asp?ProductCode=INK-Epson-T544600&utm_source=shoppingcom&utm_medium=shoppingengine&utm_campaign=shoppingcomshopping&,31.99,,00010343840324
533,222,Used or refurbished products are not listed currently,Computers > Cartridges and Toners,Epson,Remanufactured Epson T544700 Inkjet Cartridge,INK-Epson-T544700,http://www.compandsave.com/ProductDetails.asp?ProductCode=INK-Epson-T544700&utm_source=shoppingcom&utm_medium=shoppingengine&utm_campaign=shoppingcomshopping&,31.99,,00010343840331
534,222,Used or refurbished products are not listed currently,Computers > Cartridges and Toners,Epson,Remanufactured Epson T544800 Inkjet Cartridge,INK-Epson-T544800,http://www.compandsave.com/ProductDetails.asp?ProductCode=INK-Epson-T544800&utm_source=shoppingcom&utm_medium=shoppingengine&utm_campaign=shoppingcomshopping&,31.99,,00010343840348
535,222,Used or refurbished products are not listed currently,Computers > Cartridges and Toners,Epson,Remanufactured Epson T545100 Inkjet Cartridge,INK-Epson-T545100,http://www.compandsave.com/ProductDetails.asp?ProductCode=INK-Epson-T545100&utm_source=shoppingcom&utm_medium=shoppingengine&utm_campaign=shoppingcomshopping&,16.49,,00010343840362
536,222,Used or refurbished products are not listed currently,Computers > Cartridges and Toners,Epson,Remanufactured Epson T545200 Inkjet Cartridge,INK-Epson-T545200,http://www.compandsave.com/ProductDetails.asp?ProductCode=INK-Epson-T545200&utm_source=shoppingcom&utm_medium=shoppingengine&utm_campaign=shoppingcomshopping&,16.49,,00010343840379
537,222,Used or refurbished products are not listed currently,Computers > Cartridges and Toners,Epson,Remanufactured Epson T545300 Inkjet Cartridge,INK-Epson-T545300,http://www.compandsave.com/ProductDetails.asp?ProductCode=INK-Epson-T545300&utm_source=shoppingcom&utm_medium=shoppingengine&utm_campaign=shoppingcomshopping&,16.49,,00010343840386
538,222,Used or refurbished products are not listed currently,Computers > Cartridges and Toners,Epson,Remanufactured Epson T545400 Inkjet Cartridge,INK-Epson-T545400,http://www.compandsave.com/ProductDetails.asp?ProductCode=INK-Epson-T545400&utm_source=shoppingcom&utm_medium=shoppingengine&utm_campaign=shoppingcomshopping&,16.49,,00010343840393
539,222,Used or refurbished products are not listed currently,Computers > Cartridges and Toners,Epson,Remanufactured Epson T545500 Inkjet Cartridge,INK-Epson-T545500,http://www.compandsave.com/ProductDetails.asp?ProductCode=INK-Epson-T545500&utm_source=shoppingcom&utm_medium=shoppingengine&utm_campaign=shoppingcomshopping&,16.49,,00010343840409
540,222,Used or refurbished products are not listed currently,Computers > Cartridges and Toners,Epson,Remanufactured Epson T545600 Inkjet Cartridge,INK-Epson-T545600,http://www.compandsave.com/ProductDetails.asp?ProductCode=INK-Epson-T545600&utm_source=shoppingcom&utm_medium=shoppingengine&utm_campaign=shoppingcomshopping&,16.49,,00010343840416
541,222,Used or refurbished products are not listed currently,Computers > Cartridges and Toners,Epson,Remanufactured Epson T5570 Inkjet Cartridge,INK-Epson-T5570,http://www.compandsave.com/ProductDetails.asp?ProductCode=INK-Epson-T5570&utm_source=shoppingcom&utm_medium=shoppingengine&utm_campaign=shoppingcomshopping&,8.99,,00010343849952
542,222,Used or refurbished products are not listed currently,Computers > Cartridges and Toners,Epson,Remanufactured Epson T559120 Inkjet Cartridge,INK-Epson-T559120,http://www.compandsave.com/ProductDetails.asp?ProductCode=INK-Epson-T559120&utm_source=shoppingcom&utm_medium=shoppingengine&utm_campaign=shoppingcomshopping&,3.99,,00010343851894
543,222,Used or refurbished products are not listed currently,Computers > Cartridges and Toners,Epson,Remanufactured Epson T559220 Inkjet Cartridge,INK-Epson-T559220,http://www.compandsave.com/ProductDetails.asp?ProductCode=INK-Epson-T559220&utm_source=shoppingcom&utm_medium=shoppingengine&utm_campaign=shoppingcomshopping&,3.99,,00010343851900
544,222,Used or refurbished products are not listed currently,Computers > Cartridges and Toners,Epson,Remanufactured Epson T559320 Inkjet Cartridge,INK-Epson-T559320,http://www.compandsave.com/ProductDetails.asp?ProductCode=INK-Epson-T559320&utm_source=shoppingcom&utm_medium=shoppingengine&utm_campaign=shoppingcomshopping&,3.99,,00010343851917
545,222,Used or refurbished products are not listed currently,Computers > Cartridges and Toners,Epson,Remanufactured Epson T559420 Inkjet Cartridge,INK-Epson-T559420,http://www.compandsave.com/ProductDetails.asp?ProductCode=INK-Epson-T559420&utm_source=shoppingcom&utm_medium=shoppingengine&utm_campaign=shoppingcomshopping&,3.99,,00010343851924
546,222,Used or refurbished products are not listed currently,Computers > Cartridges and Toners,Epson,Remanufactured Epson T559520 Inkjet Cartridge,INK-Epson-T559520,http://www.compandsave.com/ProductDetails.asp?ProductCode=INK-Epson-T559520&utm_source=shoppingcom&utm_medium=shoppingengine&utm_campaign=shoppingcomshopping&,3.99,,00010343851931
547,222,Used or refurbished products are not listed currently,Computers > Cartridges and Toners,Epson,Remanufactured Epson T559620 Inkjet Cartridge,INK-Epson-T559620,http://www.compandsave.com/ProductDetails.asp?ProductCode=INK-Epson-T559620&utm_source=shoppingcom&utm_medium=shoppingengine&utm_campaign=shoppingcomshopping&,3.99,,00010343851948
548,222,Used or refurbished products are not listed currently,Computers > Cartridges and Toners,Epson,Remanufactured Epson T563200 Inkjet Cartridge,INK-Epson-T563200-T562200,http://www.compandsave.com/ProductDetails.asp?ProductCode=INK-Epson-T563200-T562200&utm_source=shoppingcom&utm_medium=shoppingengine&utm_campaign=shoppingcomshopping&,31.99,,00010343853386
549,222,Used or refurbished products are not listed currently,Computers > Cartridges and Toners,Epson,Remanufactured Epson T563300 Inkjet Cartridge,INK-Epson-T563300-T562300,http://www.compandsave.com/ProductDetails.asp?ProductCode=INK-Epson-T563300-T562300&utm_source=shoppingcom&utm_medium=shoppingengine&utm_campaign=shoppingcomshopping&,31.99,,00010343853393
550,222,Used or refurbished products are not listed currently,Computers > Cartridges and Toners,Epson,Remanufactured Epson T563700 Inkjet Cartridge,INK-Epson-T563700-T562700,http://www.compandsave.com/ProductDetails.asp?ProductCode=INK-Epson-T563700-T562700&utm_source=shoppingcom&utm_medium=shoppingengine&utm_campaign=shoppingcomshopping&,31.99,,00010343853430
551,222,Used or refurbished products are not listed currently,Computers > Cartridges and Toners,Epson,Remanufactured Epson T563900 Inkjet Cartridge,INK-Epson-T563900-T562900,http://www.compandsave.com/ProductDetails.asp?ProductCode=INK-Epson-T563900-T562900&utm_source=shoppingcom&utm_medium=shoppingengine&utm_campaign=shoppingcomshopping&,31.99,,00010343853447
552,222,Used or refurbished products are not listed currently,Computers > Cartridges and Toners,Epson,Remanufactured Epson T565100 Inkjet Cartridge,INK-Epson-T565100,http://www.compandsave.com/ProductDetails.asp?ProductCode=INK-Epson-T565100&utm_source=shoppingcom&utm_medium=shoppingengine&utm_campaign=shoppingcomshopping&,31.99,,00010343852785
553,222,Used or refurbished products are not listed currently,Computers > Cartridges and Toners,Epson,Remanufactured Epson T565200 Inkjet Cartridge,INK-Epson-T565200,http://www.compandsave.com/ProductDetails.asp?ProductCode=INK-Epson-T565200&utm_source=shoppingcom&utm_medium=shoppingengine&utm_campaign=shoppingcomshopping&,31.99,,00010343852792
554,222,Used or refurbished products are not listed currently,Computers > Cartridges and Toners,Epson,Remanufactured Epson T565300 Inkjet Cartridge,INK-Epson-T565300,http://www.compandsave.com/ProductDetails.asp?ProductCode=INK-Epson-T565300&utm_source=shoppingcom&utm_medium=shoppingengine&utm_campaign=shoppingcomshopping&,31.99,,00010343852808
555,222,Used or refurbished products are not listed currently,Computers > Cartridges and Toners,Epson,Remanufactured Epson T565400 Inkjet Cartridge,INK-Epson-T565400,http://www.compandsave.com/ProductDetails.asp?ProductCode=INK-Epson-T565400&utm_source=shoppingcom&utm_medium=shoppingengine&utm_campaign=shoppingcomshopping&,31.99,,00010343852815
556,222,Used or refurbished products are not listed currently,Computers > Cartridges and Toners,Epson,Remanufactured Epson T565500 Inkjet Cartridge,INK-Epson-T565500,http://www.compandsave.com/ProductDetails.asp?ProductCode=INK-Epson-T565500&utm_source=shoppingcom&utm_medium=shoppingengine&utm_campaign=shoppingcomshopping&,31.99,,00010343852822
557,222,Used or refurbished products are not listed currently,Computers > Cartridges and Toners,Epson,Remanufactured Epson T565600 Inkjet Cartridge,INK-Epson-T565600,http://www.compandsave.com/ProductDetails.asp?ProductCode=INK-Epson-T565600&utm_source=shoppingcom&utm_medium=shoppingengine&utm_campaign=shoppingcomshopping&,31.99,,00010343852839
558,222,Used or refurbished products are not listed currently,Computers > Cartridges and Toners,Epson,Remanufactured Epson T565700 Inkjet Cartridge,INK-Epson-T565700,http://www.compandsave.com/ProductDetails.asp?ProductCode=INK-Epson-T565700&utm_source=shoppingcom&utm_medium=shoppingengine&utm_campaign=shoppingcomshopping&,31.99,,00010343852846
559,222,Used or refurbished products are not listed currently,Computers > Cartridges and Toners,Epson,Remanufactured Epson T565900 Inkjet Cartridge,INK-Epson-T565900,http://www.compandsave.com/ProductDetails.asp?ProductCode=INK-Epson-T565900&utm_source=shoppingcom&utm_medium=shoppingengine&utm_campaign=shoppingcomshopping&,31.99,,00010343853027
560,222,Used or refurbished products are not listed currently,Computers > Cartridges and Toners,Epson,Remanufactured Epson T567800 Inkjet Cartridge,INK-Epson-T567800-T566800,http://www.compandsave.com/ProductDetails.asp?ProductCode=INK-Epson-T567800-T566800&utm_source=shoppingcom&utm_medium=shoppingengine&utm_campaign=shoppingcomshopping&,31.99,,00010343853522
561,222,Used or refurbished products are not listed currently,Computers > Cartridges and Toners,Epson,Remanufactured Epson T580200 Inkjet Cartridge,INK-Epson-T580200,http://www.compandsave.com/ProductDetails.asp?ProductCode=INK-Epson-T580200&utm_source=shoppingcom&utm_medium=shoppingengine&utm_campaign=shoppingcomshopping&,26.99,,
562,222,Used or refurbished products are not listed currently,Computers > Cartridges and Toners,Epson,Remanufactured Epson T580300 Inkjet Cartridge,INK-Epson-T580300,http://www.compandsave.com/ProductDetails.asp?ProductCode=INK-Epson-T580300&utm_source=shoppingcom&utm_medium=shoppingengine&utm_campaign=shoppingcomshopping&,26.99,,
563,222,Used or refurbished products are not listed currently,Computers > Cartridges and Toners,Epson,Remanufactured Epson T580400 Inkjet Cartridge,INK-Epson-T580400,http://www.compandsave.com/ProductDetails.asp?ProductCode=INK-Epson-T580400&utm_source=shoppingcom&utm_medium=shoppingengine&utm_campaign=shoppingcomshopping&,26.99,,
564,222,Used or refurbished products are not listed currently,Computers > Cartridges and Toners,Epson,Remanufactured Epson T580600 Inkjet Cartridge,INK-Epson-T580600,http://www.compandsave.com/ProductDetails.asp?ProductCode=INK-Epson-T580600&utm_source=shoppingcom&utm_medium=shoppingengine&utm_campaign=shoppingcomshopping&,26.99,,
565,222,Used or refurbished products are not listed currently,Computers > Cartridges and Toners,Epson,Remanufactured Epson T580700 Inkjet Cartridge,INK-Epson-T580700,http://www.compandsave.com/ProductDetails.asp?ProductCode=INK-Epson-T580700&utm_source=shoppingcom&utm_medium=shoppingengine&utm_campaign=shoppingcomshopping&,26.99,,
566,222,Used or refurbished products are not listed currently,Computers > Cartridges and Toners,Epson,Remanufactured Epson T580900 Inkjet Cartridge,INK-Epson-T580900,http://www.compandsave.com/ProductDetails.asp?ProductCode=INK-Epson-T580900&utm_source=shoppingcom&utm_medium=shoppingengine&utm_campaign=shoppingcomshopping&,26.99,,
567,222,Used or refurbished products are not listed currently,Computers > Cartridges and Toners,Epson,Remanufactured Epson T5846 Inkjet Cartridge,INK-Epson-T5846,http://www.compandsave.com/ProductDetails.asp?ProductCode=INK-Epson-T5846&utm_source=shoppingcom&utm_medium=shoppingengine&utm_campaign=shoppingcomshopping&,10.99,,00010343858756
568,222,Used or refurbished products are not listed currently,Computers > Cartridges and Toners,Epson,Remanufactured Epson T603100 Inkjet Cartridge,INK-Epson-T603100,http://www.compandsave.com/ProductDetails.asp?ProductCode=INK-Epson-T603100&utm_source=shoppingcom&utm_medium=shoppingengine&utm_campaign=shoppingcomshopping&,31.99,,
569,222,Used or refurbished products are not listed currently,Computers > Cartridges and Toners,Epson,Remanufactured Epson T603200 Inkjet Cartridge,INK-Epson-T603200,http://www.compandsave.com/ProductDetails.asp?ProductCode=INK-Epson-T603200&utm_source=shoppingcom&utm_medium=shoppingengine&utm_campaign=shoppingcomshopping&,31.99,,
570,222,Used or refurbished products are not listed currently,Computers > Cartridges and Toners,Epson,Remanufactured Epson T603300 Inkjet Cartridge,INK-Epson-T603300,http://www.compandsave.com/ProductDetails.asp?ProductCode=INK-Epson-T603300&utm_source=shoppingcom&utm_medium=shoppingengine&utm_campaign=shoppingcomshopping&,31.99,,
571,222,Used or refurbished products are not listed currently,Computers > Cartridges and Toners,Epson,Remanufactured Epson T603400 Inkjet Cartridge,INK-Epson-T603400,http://www.compandsave.com/ProductDetails.asp?ProductCode=INK-Epson-T603400&utm_source=shoppingcom&utm_medium=shoppingengine&utm_campaign=shoppingcomshopping&,31.99,,
572,222,Used or refurbished products are not listed currently,Computers > Cartridges and Toners,Epson,Remanufactured Epson T603500 Inkjet Cartridge,INK-Epson-T603500,http://www.compandsave.com/ProductDetails.asp?ProductCode=INK-Epson-T603500&utm_source=shoppingcom&utm_medium=shoppingengine&utm_campaign=shoppingcomshopping&,31.99,,
573,222,Used or refurbished products are not listed currently,Computers > Cartridges and Toners,Epson,Remanufactured Epson T603600 Inkjet Cartridge,INK-Epson-T603600,http://www.compandsave.com/ProductDetails.asp?ProductCode=INK-Epson-T603600&utm_source=shoppingcom&utm_medium=shoppingengine&utm_campaign=shoppingcomshopping&,31.99,,
574,222,Used or refurbished products are not listed currently,Computers > Cartridges and Toners,Epson,Remanufactured Epson T603700 Inkjet Cartridge,INK-Epson-T603700,http://www.compandsave.com/ProductDetails.asp?ProductCode=INK-Epson-T603700&utm_source=shoppingcom&utm_medium=shoppingengine&utm_campaign=shoppingcomshopping&,31.99,,
575,222,Used or refurbished products are not listed currently,Computers > Cartridges and Toners,Epson,Remanufactured Epson T603900 Inkjet Cartridge,INK-Epson-T603900,http://www.compandsave.com/ProductDetails.asp?ProductCode=INK-Epson-T603900&utm_source=shoppingcom&utm_medium=shoppingengine&utm_campaign=shoppingcomshopping&,31.99,,
576,222,Used or refurbished products are not listed currently,Computers > Cartridges and Toners,Epson,Remanufactured Epson T606100 Inkjet Cartridge,INK-Epson-T606100,http://www.compandsave.com/ProductDetails.asp?ProductCode=INK-Epson-T606100&utm_source=shoppingcom&utm_medium=shoppingengine&utm_campaign=shoppingcomshopping&,29.99,,
577,222,Used or refurbished products are not listed currently,Computers > Cartridges and Toners,Epson,Remanufactured Epson T606200 Inkjet Cartridge,INK-Epson-T606200,http://www.compandsave.com/ProductDetails.asp?ProductCode=INK-Epson-T606200&utm_source=shoppingcom&utm_medium=shoppingengine&utm_campaign=shoppingcomshopping&,29.99,,
578,222,Used or refurbished products are not listed currently,Computers > Cartridges and Toners,Epson,Remanufactured Epson T606300 Inkjet Cartridge,INK-Epson-T606300,http://www.compandsave.com/ProductDetails.asp?ProductCode=INK-Epson-T606300&utm_source=shoppingcom&utm_medium=shoppingengine&utm_campaign=shoppingcomshopping&,29.99,,
579,222,Used or refurbished products are not listed currently,Computers > Cartridges and Toners,Epson,Remanufactured Epson T606400 Inkjet Cartridge,INK-Epson-T606400,http://www.compandsave.com/ProductDetails.asp?ProductCode=INK-Epson-T606400&utm_source=shoppingcom&utm_medium=shoppingengine&utm_campaign=shoppingcomshopping&,29.99,,
580,222,Used or refurbished products are not listed currently,Computers > Cartridges and Toners,Epson,Remanufactured Epson T606500 Inkjet Cartridge,INK-Epson-T606500,http://www.compandsave.com/ProductDetails.asp?ProductCode=INK-Epson-T606500&utm_source=shoppingcom&utm_medium=shoppingengine&utm_campaign=shoppingcomshopping&,29.99,,
581,222,Used or refurbished products are not listed currently,Computers > Cartridges and Toners,Epson,Remanufactured Epson T606600 Inkjet Cartridge,INK-Epson-T606600,http://www.compandsave.com/ProductDetails.asp?ProductCode=INK-Epson-T606600&utm_source=shoppingcom&utm_medium=shoppingengine&utm_campaign=shoppingcomshopping&,29.99,,
582,222,Used or refurbished products are not listed currently,Computers > Cartridges and Toners,Epson,Remanufactured Epson T606700 Inkjet Cartridge,INK-Epson-T606700,http://www.compandsave.com/ProductDetails.asp?ProductCode=INK-Epson-T606700&utm_source=shoppingcom&utm_medium=shoppingengine&utm_campaign=shoppingcomshopping&,29.99,,
583,222,Used or refurbished products are not listed currently,Computers > Cartridges and Toners,Epson,Remanufactured Epson T606900 Inkjet Cartridge,INK-Epson-T606900,http://www.compandsave.com/ProductDetails.asp?ProductCode=INK-Epson-T606900&utm_source=shoppingcom&utm_medium=shoppingengine&utm_campaign=shoppingcomshopping&,29.99,,
584,222,Used or refurbished products are not listed currently,Computers > Cartridges and Toners,Epson,Remanufactured Epson T612800 Inkjet Cartridge,INK-Epson-T612800,http://www.compandsave.com/ProductDetails.asp?ProductCode=INK-Epson-T612800&utm_source=shoppingcom&utm_medium=shoppingengine&utm_campaign=shoppingcomshopping&,31.99,,
585,222,Used or refurbished products are not listed currently,Computers > Cartridges and Toners,Epson,Remanufactured Epson T614800 Inkjet Cartridge,INK-Epson-T614800,http://www.compandsave.com/ProductDetails.asp?ProductCode=INK-Epson-T614800&utm_source=shoppingcom&utm_medium=shoppingengine&utm_campaign=shoppingcomshopping&,29.99,,
586,222,Used or refurbished products are not listed currently,Computers > Cartridges and Toners,Epson,Remanufactured Epson T616100 Inkjet Cartridge,INK-Epson-T616100,http://www.compandsave.com/ProductDetails.asp?ProductCode=INK-Epson-T616100&utm_source=shoppingcom&utm_medium=shoppingengine&utm_campaign=shoppingcomshopping&,24.99,,
587,222,Used or refurbished products are not listed currently,Computers > Cartridges and Toners,Epson,Remanufactured Epson T616200 Inkjet Cartridge,INK-Epson-T616200,http://www.compandsave.com/ProductDetails.asp?ProductCode=INK-Epson-T616200&utm_source=shoppingcom&utm_medium=shoppingengine&utm_campaign=shoppingcomshopping&,24.99,,
588,222,Used or refurbished products are not listed currently,Computers > Cartridges and Toners,Epson,Remanufactured Epson T616300 Inkjet Cartridge,INK-Epson-T616300,http://www.compandsave.com/ProductDetails.asp?ProductCode=INK-Epson-T616300&utm_source=shoppingcom&utm_medium=shoppingengine&utm_campaign=shoppingcomshopping&,24.99,,
589,222,Used or refurbished products are not listed currently,Computers > Cartridges and Toners,Epson,Remanufactured Epson T616400 Inkjet Cartridge,INK-Epson-T616400,http://www.compandsave.com/ProductDetails.asp?ProductCode=INK-Epson-T616400&utm_source=shoppingcom&utm_medium=shoppingengine&utm_campaign=shoppingcomshopping&,24.99,,
1823,222,Used or refurbished products are not listed currently,Computers > Cartridges and Toners,Epson,Remanufactured Epson T048 Combo Inkjet Cartridges,ZINK-Epson-T048-Combo15,http://www.compandsave.com/ProductDetails.asp?ProductCode=ZINK-Epson-T048-Combo15&utm_source=shoppingcom&utm_medium=shoppingengine&utm_campaign=shoppingcomshopping&,51.75,,
1824,222,Used or refurbished products are not listed currently,Computers > Cartridges and Toners,Epson,Remanufactured Epson T048 Combo Inkjet Cartridges,ZINK-Epson-T048-Combo8,http://www.compandsave.com/ProductDetails.asp?ProductCode=ZINK-Epson-T048-Combo8&utm_source=shoppingcom&utm_medium=shoppingengine&utm_campaign=shoppingcomshopping&,30.00,,
1825,222,Used or refurbished products are not listed currently,Computers > Cartridges and Toners,Epson,Epson 60 T060 Combo Pack 11 Ink Cartridges,ZINK-Epson-T060-Combo11,http://www.compandsave.com/ProductDetails.asp?ProductCode=ZINK-Epson-T060-Combo11&utm_source=shoppingcom&utm_medium=shoppingengine&utm_campaign=shoppingcomshopping&,44.99,,
1826,222,Used or refurbished products are not listed currently,Computers > Cartridges and Toners,Epson,Epson 60 T060 Combo Pack 6 Ink Cartridges,ZINK-Epson-T060-Combo6,http://www.compandsave.com/ProductDetails.asp?ProductCode=ZINK-Epson-T060-Combo6&utm_source=shoppingcom&utm_medium=shoppingengine&utm_campaign=shoppingcomshopping&,25.74,,
1827,222,Used or refurbished products are not listed currently,Computers > Cartridges and Toners,Epson,Epson 68 T068 Combo Pack 11 Ink Cartridges,ZINK-Epson-T068-Combo11,http://www.compandsave.com/ProductDetails.asp?ProductCode=ZINK-Epson-T068-Combo11&utm_source=shoppingcom&utm_medium=shoppingengine&utm_campaign=shoppingcomshopping&,60.50,,
1828,222,Used or refurbished products are not listed currently,Computers > Cartridges and Toners,Epson,Epson 68 T068 Combo Pack 6 Ink Cartridges,ZINK-Epson-T068-Combo6,http://www.compandsave.com/ProductDetails.asp?ProductCode=ZINK-Epson-T068-Combo6&utm_source=shoppingcom&utm_medium=shoppingengine&utm_campaign=shoppingcomshopping&,34.50,,00686024125570
1829,222,Used or refurbished products are not listed currently,Computers > Cartridges and Toners,Epson,Epson 69 cartridges,ZINK-Epson-T069-Combo11,http://www.compandsave.com/ProductDetails.asp?ProductCode=ZINK-Epson-T069-Combo11&utm_source=shoppingcom&utm_medium=shoppingengine&utm_campaign=shoppingcomshopping&,60.50,,00010343860537
1830,222,Used or refurbished products are not listed currently,Computers > Cartridges and Toners,Epson,Epson 69 T069 Combo Pack 6 Ink Cartridges,ZINK-Epson-T069-Combo6,http://www.compandsave.com/ProductDetails.asp?ProductCode=ZINK-Epson-T069-Combo6&utm_source=shoppingcom&utm_medium=shoppingengine&utm_campaign=shoppingcomshopping&,34.50,,00010343860568
1831,222,Used or refurbished products are not listed currently,Computers > Cartridges and Toners,Epson,Epson 77 78 T077 T078 Combo 15 Inkjet Cartridges,ZINK-Epson-T078-Combo15,http://www.compandsave.com/ProductDetails.asp?ProductCode=ZINK-Epson-T078-Combo15&utm_source=shoppingcom&utm_medium=shoppingengine&utm_campaign=shoppingcomshopping&,82.50,,
1832,222,Used or refurbished products are not listed currently,Computers > Cartridges and Toners,Epson,Epson 77 78 T077 T078 Combo 8 Inkjet Cartridges,ZINK-Epson-T078-Combo8,http://www.compandsave.com/ProductDetails.asp?ProductCode=ZINK-Epson-T078-Combo8&utm_source=shoppingcom&utm_medium=shoppingengine&utm_campaign=shoppingcomshopping&,46.00,,00766897413964
1833,222,Used or refurbished products are not listed currently,Computers > Cartridges and Toners,Epson,Epson 79 T079 Combo 15 Inkjet Cartridges,ZINK-Epson-T079-Combo15,http://www.compandsave.com/ProductDetails.asp?ProductCode=ZINK-Epson-T079-Combo15&utm_source=shoppingcom&utm_medium=shoppingengine&utm_campaign=shoppingcomshopping&,82.50,,
1834,222,Used or refurbished products are not listed currently,Computers > Cartridges and Toners,Epson,Epson 79 T079 Combo 8 Inkjet Cartridges,ZINK-Epson-T079-Combo8,http://www.compandsave.com/ProductDetails.asp?ProductCode=ZINK-Epson-T079-Combo8&utm_source=shoppingcom&utm_medium=shoppingengine&utm_campaign=shoppingcomshopping&,46.00,,
1835,222,Used or refurbished products are not listed currently,Computers > Cartridges and Toners,Epson,Remanufactured Epson 87 T087 Series Ink Cartridge,ZINK-Epson-T087-Combo8,http://www.compandsave.com/ProductDetails.asp?ProductCode=ZINK-Epson-T087-Combo8&utm_source=shoppingcom&utm_medium=shoppingengine&utm_campaign=shoppingcomshopping&,37.60,,00010343854406
1836,222,Used or refurbished products are not listed currently,Computers > Cartridges and Toners,Epson,Remanufactured Epson T088 Combo 11 Ink Cartridge,ZINK-Epson-T088-Combo11,http://www.compandsave.com/ProductDetails.asp?ProductCode=ZINK-Epson-T088-Combo11&utm_source=shoppingcom&utm_medium=shoppingengine&utm_campaign=shoppingcomshopping&,47.30,,
1837,222,Used or refurbished products are not listed currently,Computers > Cartridges and Toners,Epson,Remanufactured Epson T088 Combo 6 Inkjet Cartridge,ZINK-Epson-T088-Combo6,http://www.compandsave.com/ProductDetails.asp?ProductCode=ZINK-Epson-T088-Combo6&utm_source=shoppingcom&utm_medium=shoppingengine&utm_campaign=shoppingcomshopping&,28.20,,
1838,222,Used or refurbished products are not listed currently,Computers > Cartridges and Toners,Epson,Epson 98 99 T098 T099 Combo 15 Inkjet Cartridges,ZINK-Epson-T098-Combo15,http://www.compandsave.com/ProductDetails.asp?ProductCode=ZINK-Epson-T098-Combo15&utm_source=shoppingcom&utm_medium=shoppingengine&utm_campaign=shoppingcomshopping&,82.50,,
1839,222,Used or refurbished products are not listed currently,Computers > Cartridges and Toners,Epson,Epson 98 99 T098 T099 Combo 8 Inkjet Cartridges,ZINK-Epson-T098-Combo8,http://www.compandsave.com/ProductDetails.asp?ProductCode=ZINK-Epson-T098-Combo8&utm_source=shoppingcom&utm_medium=shoppingengine&utm_campaign=shoppingcomshopping&,46.00,,00010343868106
1840,222,Used or refurbished products are not listed currently,Computers > Cartridges and Toners,Epson,Epson T124 (Combo-11) Moderate Yield Ink Cartridge,ZINK-Epson-T124-Combo11,http://www.compandsave.com/ProductDetails.asp?ProductCode=ZINK-Epson-T124-Combo11&utm_source=shoppingcom&utm_medium=shoppingengine&utm_campaign=shoppingcomshopping&,54.89,,
1841,222,Used or refurbished products are not listed currently,Computers > Cartridges and Toners,Epson,Epson T124 (Combo-6) Moderate Yield Ink Cartridge,ZINK-Epson-T124-Combo6,http://www.compandsave.com/ProductDetails.asp?ProductCode=ZINK-Epson-T124-Combo6&utm_source=shoppingcom&utm_medium=shoppingengine&utm_campaign=shoppingcomshopping&,32.94,,00010343876484
1842,222,Used or refurbished products are not listed currently,Computers > Cartridges and Toners,Epson,Epson T125 (Combo-11) Standard Yield Ink Cartridge,ZINK-Epson-T125-Combo11,http://www.compandsave.com/ProductDetails.asp?ProductCode=ZINK-Epson-T125-Combo11&utm_source=shoppingcom&utm_medium=shoppingengine&utm_campaign=shoppingcomshopping&,54.89,,00010343876415
1843,222,Used or refurbished products are not listed currently,Computers > Cartridges and Toners,Epson,Epson T125 (Combo-6) Standard Yield Ink Cartridge,ZINK-Epson-T125-Combo6,http://www.compandsave.com/ProductDetails.asp?ProductCode=ZINK-Epson-T125-Combo6&utm_source=shoppingcom&utm_medium=shoppingengine&utm_campaign=shoppingcomshopping&,32.94,,00010343876415
1844,222,Used or refurbished products are not listed currently,Computers > Cartridges and Toners,Epson,Epson T126 (Combo-11) High Yield Ink Cartridge,ZINK-Epson-T126-Combo11,http://www.compandsave.com/ProductDetails.asp?ProductCode=ZINK-Epson-T126-Combo11&utm_source=shoppingcom&utm_medium=shoppingengine&utm_campaign=shoppingcomshopping&,65.89,,00010343876286
1845,222,Used or refurbished products are not listed currently,Computers > Cartridges and Toners,Epson,Epson T126 (Combo-6) High Yield Ink Cartridge,ZINK-Epson-T126-Combo6,http://www.compandsave.com/ProductDetails.asp?ProductCode=ZINK-Epson-T126-Combo6&utm_source=shoppingcom&utm_medium=shoppingengine&utm_campaign=shoppingcomshopping&,38.94,,00010343876286
1846,222,Used or refurbished products are not listed currently,Computers > Cartridges and Toners,Epson,Epson T127 (Combo-11) Extra High Yield Cartridge,ZINK-Epson-T127-Combo11,http://www.compandsave.com/ProductDetails.asp?ProductCode=ZINK-Epson-T127-Combo11&utm_source=shoppingcom&utm_medium=shoppingengine&utm_campaign=shoppingcomshopping&,76.89,,00010343876163
1847,222,Used or refurbished products are not listed currently,Computers > Cartridges and Toners,Epson,Epson T127 (Combo-6) Extra High Yield Cartridge,ZINK-Epson-T127-Combo6,http://www.compandsave.com/ProductDetails.asp?ProductCode=ZINK-Epson-T127-Combo6&utm_source=shoppingcom&utm_medium=shoppingengine&utm_campaign=shoppingcomshopping&,44.94,,00010343876163
1848,222,Used or refurbished products are not listed currently,Computers > Cartridges and Toners,Epson,Epson T200XL (Combo 11) Hight Yield ink Cartridge,ZINK-Epson-T200XL-Combo11,http://www.compandsave.com/ProductDetails.asp?ProductCode=ZINK-Epson-T200XL-Combo11&utm_source=shoppingcom&utm_medium=shoppingengine&utm_campaign=shoppingcomshopping&,65.89,,
1849,222,Used or refurbished products are not listed currently,Computers > Cartridges and Toners,Epson,Epson T200XL (Combo 6) Hight Yield ink Cartridges,ZINK-Epson-T200XL-Combo6,http://www.compandsave.com/ProductDetails.asp?ProductCode=ZINK-Epson-T200XL-Combo6&utm_source=shoppingcom&utm_medium=shoppingengine&utm_campaign=shoppingcomshopping&,36.90,,
159,233,Image too small.,Computers > Cartridges and Toners,Canon,New Compatible Canon BJI-201C-HC Inkjet Cartridge,INK-Canon-BJI-201C-HC,http://www.compandsave.com/ProductDetails.asp?ProductCode=INK-Canon-BJI-201C-HC&utm_source=shoppingcom&utm_medium=shoppingengine&utm_campaign=shoppingcomshopping&,2.99,,00750845720020
161,233,Image too small.,Computers > Cartridges and Toners,Canon,New Compatible Canon BJI-201Y-HC Inkjet Cartridge,INK-Canon-BJI-201Y-HC,http://www.compandsave.com/ProductDetails.asp?ProductCode=INK-Canon-BJI-201Y-HC&utm_source=shoppingcom&utm_medium=shoppingengine&utm_campaign=shoppingcomshopping&,2.99,,00750845720044
160,233,Image too small.,Computers > Cartridges and Toners,Canon,New Compatible Canon BJI-201M-HC Inkjet Cartridge,INK-Canon-BJI-201M-HC,http://www.compandsave.com/ProductDetails.asp?ProductCode=INK-Canon-BJI-201M-HC&utm_source=shoppingcom&utm_medium=shoppingengine&utm_campaign=shoppingcomshopping&,2.99,,00750845720037
